"ID";"Airports";"Periods";"CrossCountryFlights_1";"TotalFlights_3";"TotalArrivalsFlights_6";"TotalDeparturesFlights_9";"TotalPassengers_12";"TotalArrivalsPassengers_15";"TotalDeparturesPassengers_18";"EuropeTotal_22";"NorthAmerica_33"
"0";"A045844";"1997JJ00";"  467579";"  400118";"  200040";"  200078";"32074513";"16013919";"16060594";"21239558";" 4628855"
"1";"A045844";"1998JJ00";"  485852";"  425608";"  212751";"  212857";"35129029";"17484447";"17644582";"23548703";" 4915352"
"2";"A045844";"1999MM01";"   36810";"   33145";"   16565";"   16580";" 2439980";" 1226117";" 1213863";" 1559839";"  334326"
"3";"A045844";"1999MM02";"   34356";"   30912";"   15444";"   15468";" 2405830";" 1194375";" 1211455";" 1604074";"  301060"
"4";"A045844";"1999MM03";"   41290";"   35591";"   17802";"   17789";" 2905023";" 1457675";" 1447348";" 1911957";"  418994"
"5";"A045844";"1999KW01";"  112456";"   99648";"   49811";"   49837";" 7750833";" 3878167";" 3872666";" 5075870";" 1054380"
"6";"A045844";"1999MM04";"   41338";"   35832";"   17910";"   17922";" 2983754";" 1468181";" 1515573";" 2003716";"  427737"
"7";"A045844";"1999MM05";"   44679";"   38376";"   19200";"   19176";" 3399339";" 1701169";" 1698170";" 2354180";"  487429"
"8";"A045844";"1999MM06";"   44664";"   37971";"   18991";"   18980";" 3357773";" 1657203";" 1700570";" 2297541";"  512995"
"9";"A045844";"1999KW02";"  130681";"  112179";"   56101";"   56078";" 9740866";" 4826553";" 4914313";" 6655437";" 1428161"
"10";"A045844";"1999MM07";"   46107";"   39824";"   19904";"   19920";" 3753435";" 1756699";" 1996736";" 2548119";"  538704"
"11";"A045844";"1999MM08";"   45084";"   39908";"   19961";"   19947";" 3850371";" 2014765";" 1835606";" 2584440";"  554157"
"12";"A045844";"1999MM09";"   44734";"   38969";"   19478";"   19491";" 3610066";" 1812291";" 1797775";" 2468932";"  512282"
"13";"A045844";"1999KW03";"  135925";"  118701";"   59343";"   59358";"11213872";" 5583755";" 5630117";" 7601491";" 1605143"
"14";"A045844";"1999MM10";"   44734";"   39553";"   19779";"   19774";" 3577374";" 1806100";" 1771274";" 2417121";"  501679"
"15";"A045844";"1999MM11";"   41721";"   37387";"   18704";"   18683";" 2889913";" 1459437";" 1430476";" 1902396";"  394949"
"16";"A045844";"1999MM12";"   38258";"   35119";"   17592";"   17527";" 2531172";" 1264854";" 1266318";" 1649564";"  351598"
"17";"A045844";"1999KW04";"  124713";"  112059";"   56075";"   55984";" 8998459";" 4530391";" 4468068";" 5969081";" 1248226"
"18";"A045844";"1999JJ00";"  503775";"  442587";"  221330";"  221257";"37704030";"18818866";"18885164";"25301879";" 5335910"
"19";"A045844";"2000MM01";"   40054";"   36446";"   18182";"   18264";" 2563382";" 1278929";" 1284453";" 1653050";"  349329"
"20";"A045844";"2000MM02";"   40602";"   36041";"   18024";"   18017";" 2641094";" 1289485";" 1351609";" 1753422";"  328231"
"21";"A045844";"2000MM03";"   43728";"   38790";"   19396";"   19394";" 3162563";" 1603733";" 1558830";" 2110583";"  432298"
"22";"A045844";"2000KW01";"  124384";"  111277";"   55602";"   55675";" 8367039";" 4172147";" 4194892";" 5517055";" 1109858"
"23";"A045844";"2000MM04";"   43812";"   38281";"   19143";"   19138";" 3326762";" 1628248";" 1698514";" 2241068";"  462896"
"24";"A045844";"2000MM05";"   47975";"   41972";"   20995";"   20977";" 3706883";" 1845433";" 1861450";" 2602356";"  516326"
"25";"A045844";"2000MM06";"   46890";"   40483";"   20248";"   20235";" 3661177";" 1829019";" 1832158";" 2540998";"  545320"
"26";"A045844";"2000KW02";"  138677";"  120736";"   60386";"   60350";"10694822";" 5302700";" 5392122";" 7384422";" 1524542"
"27";"A045844";"2000MM07";"   47051";"   42092";"   21045";"   21047";" 4121196";" 1929467";" 2191729";" 2837159";"  575286"
"28";"A045844";"2000MM08";"   47748";"   42255";"   21124";"   21131";" 4096727";" 2150204";" 1946523";" 2807034";"  562749"
"29";"A045844";"2000MM09";"   45797";"   40476";"   20245";"   20231";" 3897872";" 1943139";" 1954733";" 2709597";"  527210"
"30";"A045844";"2000KW03";"  140596";"  124823";"   62414";"   62409";"12115795";" 6022810";" 6092985";" 8353790";" 1665245"
"31";"A045844";"2000MM10";"   45629";"   41254";"   20624";"   20630";" 3803796";" 1938661";" 1865135";" 2627702";"  495824"
"32";"A045844";"2000MM11";"   41583";"   37280";"   18640";"   18640";" 3004146";" 1511732";" 1492414";" 1990482";"  398413"
"33";"A045844";"2000MM12";"   38626";"   35192";"   17601";"   17591";" 2783392";" 1360805";" 1422587";" 1801015";"  373751"
"34";"A045844";"2000KW04";"  125838";"  113726";"   56865";"   56861";" 9591334";" 4811198";" 4780136";" 6419199";" 1267988"
"35";"A045844";"2000JJ00";"  529495";"  470562";"  235267";"  235295";"40768990";"20308855";"20460135";"27674466";" 5567633"
"36";"A045844";"2001MM01";"   40679";"   37077";"   18535";"   18542";" 2780249";" 1410283";" 1369966";" 1782728";"  360595"
"37";"A045844";"2001MM02";"   38034";"   34265";"   17132";"   17133";" 2667331";" 1304053";" 1363278";" 1774056";"  315078"
"38";"A045844";"2001MM03";"   43282";"   38876";"   19427";"   19449";" 3255834";" 1651160";" 1604674";" 2170145";"  424649"
"39";"A045844";"2001KW01";"  121995";"  110218";"   55094";"   55124";" 8703414";" 4365496";" 4337918";" 5726929";" 1100322"
"40";"A045844";"2001MM04";"   42412";"   37447";"   18730";"   18717";" 3457934";" 1698837";" 1759097";" 2346581";"  472190"
"41";"A045844";"2001MM05";"   47094";"   41159";"   20572";"   20587";" 3782078";" 1880738";" 1901340";" 2684492";"  498546"
"42";"A045844";"2001MM06";"   45878";"   40153";"   20065";"   20088";" 3841225";" 1912937";" 1928288";" 2672823";"  532896"
"43";"A045844";"2001KW02";"  135384";"  118759";"   59367";"   59392";"11081237";" 5492512";" 5588725";" 7703896";" 1503632"
"44";"A045844";"2001MM07";"   47572";"   42528";"   21266";"   21262";" 4278757";" 2011002";" 2267755";" 2977031";"  532160"
"45";"A045844";"2001MM08";"   47484";"   42681";"   21336";"   21345";" 4246834";" 2235051";" 2011783";" 2922400";"  535342"
"46";"A045844";"2001MM09";"   44851";"   40643";"   20333";"   20310";" 3719690";" 1857773";" 1861917";" 2658705";"  402137"
"47";"A045844";"2001KW03";"  139907";"  125852";"   62935";"   62917";"12245281";" 6103826";" 6141455";" 8558136";" 1469639"
"48";"A045844";"2001MM10";"   45296";"   40724";"   20370";"   20354";" 3376995";" 1724265";" 1652730";" 2440605";"  334381"
"49";"A045844";"2001MM11";"   38072";"   34054";"   17027";"   17027";" 2730083";" 1370081";" 1360002";" 1903957";"  291684"
"50";"A045844";"2001MM12";"   35575";"   32587";"   16297";"   16290";" 2652554";" 1292913";" 1359641";" 1764491";"  314131"
"51";"A045844";"2001KW04";"  118943";"  107365";"   53694";"   53671";" 8759632";" 4387259";" 4372373";" 6109053";"  940196"
"52";"A045844";"2001JJ00";"  516229";"  462194";"  231090";"  231104";"40789564";"20349093";"20440471";"28098014";" 5013789"
"53";"A045844";"2002MM01";"   37212";"   33955";"   16966";"   16989";" 2636649";" 1336776";" 1299873";" 1721082";"  309836"
"54";"A045844";"2002MM02";"   34855";"   31396";"   15704";"   15692";" 2667372";" 1312182";" 1355190";" 1823929";"  279642"
"55";"A045844";"2002MM03";"   41176";"   35638";"   17810";"   17828";" 3249398";" 1634148";" 1615250";" 2210536";"  381771"
"56";"A045844";"2002KW01";"  113243";"  100989";"   50480";"   50509";" 8553419";" 4283106";" 4270313";" 5755547";"  971249"
"57";"A045844";"2002MM04";"   41507";"   36474";"   18237";"   18237";" 3411882";" 1650092";" 1761790";" 2419921";"  380914"
"58";"A045844";"2002MM05";"   44640";"   39387";"   19690";"   19697";" 3863240";" 1953393";" 1909847";" 2823330";"  440146"
"59";"A045844";"2002MM06";"   43941";"   38233";"   19110";"   19123";" 3814245";" 1878689";" 1935556";" 2706002";"  482453"
"60";"A045844";"2002KW02";"  130088";"  114094";"   57037";"   57057";"11089367";" 5482174";" 5607193";" 7949253";" 1303513"
"61";"A045844";"2002MM07";"   45846";"   40619";"   20303";"   20316";" 4289281";" 2034750";" 2254531";" 3052847";"  496550"
"62";"A045844";"2002MM08";"   44950";"   40340";"   20168";"   20172";" 4276395";" 2238757";" 2037638";" 3003393";"  506747"
"63";"A045844";"2002MM09";"   44673";"   38856";"   19428";"   19428";" 4020765";" 1996530";" 2024235";" 2872676";"  465079"
"64";"A045844";"2002KW03";"  135469";"  119815";"   59899";"   59916";"12586441";" 6270037";" 6316404";" 8928916";" 1468376"
"65";"A045844";"2002MM10";"   43582";"   39325";"   19659";"   19666";" 3862884";" 1964088";" 1898796";" 2741612";"  448017"
"66";"A045844";"2002MM11";"   38583";"   34675";"   17346";"   17329";" 2977998";" 1496868";" 1481130";" 2017447";"  361689"
"67";"A045844";"2002MM12";"   35354";"   32695";"   16349";"   16346";" 2912646";" 1418289";" 1494357";" 1905645";"  381431"
"68";"A045844";"2002KW04";"  117519";"  106695";"   53354";"   53341";" 9753528";" 4879245";" 4874283";" 6664704";" 1191137"
"69";"A045844";"2002JJ00";"  496319";"  441593";"  220770";"  220823";"41982755";"20914562";"21068193";"29298420";" 4934275"
"70";"A045844";"2003MM01";"   35932";"   32975";"   16463";"   16512";" 2813139";" 1427419";" 1385720";" 1820298";"  352839"
"71";"A045844";"2003MM02";"   34626";"   31210";"   15601";"   15609";" 2741087";" 1346064";" 1395023";" 1866580";"  297485"
"72";"A045844";"2003MM03";"   40119";"   35283";"   17641";"   17642";" 3099952";" 1576809";" 1523143";" 2152637";"  363311"
"73";"A045844";"2003KW01";"  110677";"   99468";"   49705";"   49763";" 8654178";" 4350292";" 4303886";" 5839515";" 1013635"
"74";"A045844";"2003MM04";"   38602";"   34247";"   17128";"   17119";" 3108279";" 1496581";" 1611698";" 2251494";"  343541"
"75";"A045844";"2003MM05";"   41720";"   37126";"   18547";"   18579";" 3553181";" 1782708";" 1770473";" 2650000";"  399423"
"76";"A045844";"2003MM06";"   41570";"   36582";"   18299";"   18283";" 3695057";" 1822519";" 1872538";" 2699580";"  441600"
"77";"A045844";"2003KW02";"  121892";"  107955";"   53974";"   53981";"10356517";" 5101808";" 5254709";" 7601074";" 1184564"
"78";"A045844";"2003MM07";"   43508";"   39230";"   19616";"   19614";" 4244484";" 2010027";" 2234457";" 3052051";"  472609"
"79";"A045844";"2003MM08";"   42849";"   38672";"   19337";"   19335";" 4194993";" 2221070";" 1973923";" 2956211";"  474121"
"80";"A045844";"2003MM09";"   42559";"   37886";"   18935";"   18951";" 3898022";" 1931401";" 1966621";" 2791710";"  439314"
"81";"A045844";"2003KW03";"  128916";"  115788";"   57888";"   57900";"12337499";" 6162498";" 6175001";" 8799972";" 1386044"
"82";"A045844";"2003MM10";"   42263";"   38118";"   19060";"   19058";" 3915075";" 1989708";" 1925367";" 2785110";"  424828"
"83";"A045844";"2003MM11";"   37111";"   33627";"   16821";"   16806";" 3067998";" 1538955";" 1529043";" 2078860";"  352230"
"84";"A045844";"2003MM12";"   34749";"   31880";"   15973";"   15907";" 2932855";" 1431518";" 1501337";" 1920118";"  356309"
"85";"A045844";"2003KW04";"  114123";"  103625";"   51854";"   51771";" 9915928";" 4960181";" 4955747";" 6784088";" 1133367"
"86";"A045844";"2003JJ00";"  475608";"  426836";"  213421";"  213415";"41264122";"20574779";"20689343";"29024649";" 4717610"
"87";"A045844";"2004MM01";"   34596";"   32016";"   15961";"   16055";" 2818427";" 1424496";" 1393931";" 1788792";"  339284"
"88";"A045844";"2004MM02";"   35051";"   31900";"   15942";"   15958";" 2922639";" 1439234";" 1483405";" 1963539";"  304170"
"89";"A045844";"2004MM03";"   40590";"   35825";"   17906";"   17919";" 3382340";" 1718281";" 1664059";" 2297388";"  391921"
"90";"A045844";"2004KW01";"  110237";"   99741";"   49809";"   49932";" 9123406";" 4582011";" 4541395";" 6049719";" 1035375"
"91";"A045844";"2004MM04";"   40489";"   35818";"   17902";"   17916";" 3657936";" 1773840";" 1884096";" 2558114";"  431124"
"92";"A045844";"2004MM05";"   44369";"   39208";"   19600";"   19608";" 4076485";" 2049899";" 2026586";" 2963055";"  467876"
"93";"A045844";"2004MM06";"   43337";"   38581";"   19283";"   19298";" 4008925";" 2001351";" 2007574";" 2874955";"  485477"
"94";"A045844";"2004KW02";"  128195";"  113607";"   56785";"   56822";"11743346";" 5825090";" 5918256";" 8396124";" 1384477"
"95";"A045844";"2004MM07";"   44879";"   40367";"   20170";"   20197";" 4565684";" 2137750";" 2427934";" 3267379";"  508639"
"96";"A045844";"2004MM08";"   43876";"   40033";"   20023";"   20010";" 4483625";" 2350963";" 2132662";" 3175082";"  505712"
"97";"A045844";"2004MM09";"   43915";"   38946";"   19482";"   19464";" 4153659";" 2067063";" 2086596";" 2957388";"  471993"
"98";"A045844";"2004KW03";"  132670";"  119346";"   59675";"   59671";"13202968";" 6555776";" 6647192";" 9399849";" 1486344"
"99";"A045844";"2004MM10";"   44602";"   40144";"   20076";"   20068";" 4155554";" 2105582";" 2049972";" 2954763";"  452581"
"100";"A045844";"2004MM11";"   38044";"   34764";"   17382";"   17382";" 3247807";" 1626629";" 1621178";" 2176382";"  381602"
"101";"A045844";"2004MM12";"   36228";"   33328";"   16715";"   16613";" 3102830";" 1513011";" 1589819";" 2003444";"  398678"
"102";"A045844";"2004KW04";"  118874";"  108236";"   54173";"   54063";"10506191";" 5245222";" 5260969";" 7134589";" 1232861"
"103";"A045844";"2004JJ00";"  489976";"  440930";"  220442";"  220488";"44575911";"22208099";"22367812";"30980281";" 5139057"
"104";"A045844";"2005MM01";"   36010";"   32890";"   16401";"   16489";" 3082853";" 1553002";" 1529851";" 1951329";"  379849"
"105";"A045844";"2005MM02";"   34287";"   31171";"   15571";"   15600";" 2960333";" 1471477";" 1488856";" 1958458";"  329741"
"106";"A045844";"2005MM03";"   38732";"   34811";"   17406";"   17405";" 3442365";" 1727088";" 1715277";" 2295386";"  422724"
"107";"A045844";"2005KW01";"  109029";"   98872";"   49378";"   49494";" 9485551";" 4751567";" 4733984";" 6205173";" 1132314"
"108";"A045844";"2005MM04";"   41483";"   36879";"   18423";"   18456";" 3735323";" 1822611";" 1912712";" 2575623";"  452401"
"109";"A045844";"2005MM05";"   44864";"   40339";"   20172";"   20167";" 4328422";" 2159477";" 2168945";" 3135750";"  501468"
"110";"A045844";"2005MM06";"   44337";"   39112";"   19561";"   19551";" 4196547";" 2081012";" 2115535";" 2979792";"  519154"
"111";"A045844";"2005KW02";"  130684";"  116330";"   58156";"   58174";"12260292";" 6063100";" 6197192";" 8691165";" 1473023"
"112";"A045844";"2005MM07";"   44977";"   40765";"   20379";"   20386";" 4795477";" 2243374";" 2552103";" 3400920";"  552955"
"113";"A045844";"2005MM08";"   44907";"   40730";"   20364";"   20366";" 4695502";" 2459777";" 2235725";" 3312280";"  538359"
"114";"A045844";"2005MM09";"   43757";"   39298";"   19652";"   19646";" 4377505";" 2181782";" 2195723";" 3107260";"  505014"
"115";"A045844";"2005KW03";"  133641";"  120793";"   60395";"   60398";"13868484";" 6884933";" 6983551";" 9820460";" 1596328"
"116";"A045844";"2005MM10";"   43772";"   39653";"   19834";"   19819";" 4297973";" 2180117";" 2117856";" 3068456";"  461448"
"117";"A045844";"2005MM11";"   37810";"   34418";"   17204";"   17214";" 3362422";" 1678268";" 1684154";" 2261255";"  378350"
"118";"A045844";"2005MM12";"   35240";"   32387";"   16213";"   16174";" 3213586";" 1564959";" 1648627";" 2101645";"  383406"
"119";"A045844";"2005KW04";"  116822";"  106458";"   53251";"   53207";"10873981";" 5423344";" 5450637";" 7431356";" 1223204"
"120";"A045844";"2005JJ00";"  490176";"  442453";"  221180";"  221273";"46488308";"23122944";"23365364";"32148154";" 5424869"
"121";"A045844";"2006MM01";"   36657";"   33363";"   16651";"   16712";" 3167956";" 1600916";" 1567040";" 2026452";"  371176"
"122";"A045844";"2006MM02";"   34127";"   31463";"   15718";"   15745";" 3001753";" 1478158";" 1523595";" 2007183";"  305549"
"123";"A045844";"2006MM03";"   40551";"   36570";"   18273";"   18297";" 3571343";" 1801205";" 1770138";" 2398490";"  413688"
"124";"A045844";"2006KW01";"  111335";"  101396";"   50642";"   50754";" 9741052";" 4880279";" 4860773";" 6432125";" 1090413"
"125";"A045844";"2006MM04";"   41853";"   38031";"   19041";"   18990";" 3990145";" 1947062";" 2043083";" 2769772";"  456343"
"126";"A045844";"2006MM05";"   46944";"   42459";"   21222";"   21237";" 4472259";" 2237114";" 2235145";" 3257982";"  494110"
"127";"A045844";"2006MM06";"   46830";"   41764";"   20862";"   20902";" 4487988";" 2239408";" 2248580";" 3225022";"  514221"
"128";"A045844";"2006KW02";"  135627";"  122254";"   61125";"   61129";"12950392";" 6423584";" 6526808";" 9252776";" 1464674"
"129";"A045844";"2006MM07";"   47696";"   43278";"   21612";"   21666";" 5021544";" 2346390";" 2675154";" 3608394";"  535938"
"130";"A045844";"2006MM08";"   46340";"   43024";"   21491";"   21533";" 4877589";" 2561406";" 2316183";" 3467992";"  524341"
"131";"A045844";"2006MM09";"   46388";"   41588";"   20763";"   20825";" 4563348";" 2281805";" 2281543";" 3270084";"  496616"
"132";"A045844";"2006KW03";"  140424";"  127890";"   63866";"   64024";"14462481";" 7189601";" 7272880";"10346470";" 1556895"
"133";"A045844";"2006MM10";"   46706";"   42396";"   21188";"   21208";" 4452338";" 2250255";" 2202083";" 3172420";"  472517"
"134";"A045844";"2006MM11";"   41776";"   37942";"   18958";"   18984";" 3535989";" 1777377";" 1758612";" 2411766";"  377671"
"135";"A045844";"2006MM12";"   38284";"   35454";"   17744";"   17710";" 3454304";" 1678294";" 1776010";" 2277280";"  398913"
"136";"A045844";"2006KW04";"  126766";"  115792";"   57890";"   57902";"11442631";" 5705926";" 5736705";" 7861466";" 1249101"
"137";"A045844";"2006JJ00";"  514152";"  467332";"  233523";"  233809";"48596556";"24199390";"24397166";"33892837";" 5361083"
"138";"A045844";"2007MM01";"   38938";"   35860";"   17887";"   17973";" 3331523";" 1697485";" 1634038";" 2154328";"  373849"
"139";"A045844";"2007MM02";"   37363";"   34110";"   17024";"   17086";" 3213977";" 1582442";" 1631535";" 2176662";"  312404"
"140";"A045844";"2007MM03";"   43894";"   39102";"   19522";"   19580";" 3896807";" 1974602";" 1922205";" 2666860";"  421201"
"141";"A045844";"2007KW01";"  120195";"  109072";"   54433";"   54639";"10442307";" 5254529";" 5187778";" 6997850";" 1107454"
"142";"A045844";"2007MM04";"   44544";"   39584";"   19782";"   19802";" 4121803";" 2015658";" 2106145";" 2902079";"  458490"
"143";"A045844";"2007MM05";"   47788";"   43408";"   21678";"   21730";" 4566599";" 2293318";" 2273281";" 3320595";"  509286"
"144";"A045844";"2007MM06";"   46757";"   42247";"   21088";"   21159";" 4529566";" 2254865";" 2274701";" 3243769";"  520445"
"145";"A045844";"2007KW02";"  139089";"  125239";"   62548";"   62691";"13217968";" 6563841";" 6654127";" 9466443";" 1488221"
"146";"A045844";"2007MM07";"   48188";"   44096";"   22029";"   22067";" 5172312";" 2424836";" 2747476";" 3710179";"  560612"
"147";"A045844";"2007MM08";"   48354";"   44083";"   22017";"   22066";" 5121598";" 2703161";" 2418437";" 3650866";"  560496"
"148";"A045844";"2007MM09";"   46720";"   41815";"   20882";"   20933";" 4713449";" 2352209";" 2361240";" 3375043";"  528943"
"149";"A045844";"2007KW03";"  143262";"  129994";"   64928";"   65066";"15007359";" 7480206";" 7527153";"10736088";" 1650051"
"150";"A045844";"2007MM10";"   47439";"   42668";"   21313";"   21355";" 4656638";" 2359933";" 2296705";" 3304633";"  508803"
"151";"A045844";"2007MM11";"   40572";"   37079";"   18519";"   18560";" 3647578";" 1833621";" 1813957";" 2462672";"  411779"
"152";"A045844";"2007MM12";"   38444";"   35454";"   17727";"   17727";" 3545823";" 1734500";" 1811323";" 2320443";"  433611"
"153";"A045844";"2007KW04";"  126455";"  115201";"   57559";"   57642";"11850039";" 5928054";" 5921985";" 8087748";" 1354193"
"154";"A045844";"2007JJ00";"  529001";"  479506";"  239468";"  240038";"50517673";"25226630";"25291043";"35288129";" 5599919"
"155";"A045844";"2008MM01";"   39375";"   35963";"   17929";"   18034";" 3388686";" 1719180";" 1669506";" 2189398";"  391454"
"156";"A045844";"2008MM02";"   38529";"   34673";"   17325";"   17348";" 3348700";" 1654896";" 1693804";" 2264336";"  338428"
"157";"A045844";"2008MM03";"   42020";"   37967";"   18958";"   19009";" 3973721";" 2008137";" 1965584";" 2689359";"  444650"
"158";"A045844";"2008KW01";"  119924";"  108603";"   54212";"   54391";"10711107";" 5382213";" 5328894";" 7143093";" 1174532"
"159";"A045844";"2008MM04";"   44762";"   40127";"   20055";"   20072";" 4156519";" 1986749";" 2169770";" 2884980";"  477577"
"160";"A045844";"2008MM05";"   48260";"   43416";"   21701";"   21715";" 4713826";" 2414857";" 2298969";" 3374084";"  554222"
"161";"A045844";"2008MM06";"   47627";"   42659";"   21335";"   21324";" 4704148";" 2314121";" 2390027";" 3332943";"  571774"
"162";"A045844";"2008KW02";"  140649";"  126202";"   63091";"   63111";"13574493";" 6715727";" 6858766";" 9592007";" 1603573"
"163";"A045844";"2008MM07";"   48596";"   44164";"   22072";"   22092";" 5175950";" 2474763";" 2701187";" 3657271";"  600306"
"164";"A045844";"2008MM08";"   46873";"   43134";"   21557";"   21577";" 5025767";" 2655629";" 2370138";" 3507332";"  604419"
"165";"A045844";"2008MM09";"   46873";"   41827";"   20922";"   20905";" 4600637";" 2298267";" 2302370";" 3259929";"  554108"
"166";"A045844";"2008KW03";"  142342";"  129125";"   64551";"   64574";"14802354";" 7428659";" 7373695";"10424532";" 1758833"
"167";"A045844";"2008MM10";"   46155";"   42188";"   21095";"   21093";" 4560314";" 2311797";" 2248517";" 3173983";"  530774"
"168";"A045844";"2008MM11";"   37594";"   34683";"   17345";"   17338";" 3443549";" 1736355";" 1707194";" 2280659";"  393225"
"169";"A045844";"2008MM12";"   35284";"   32762";"   16397";"   16365";" 3333873";" 1632437";" 1701436";" 2139286";"  421975"
"170";"A045844";"2008KW04";"  119033";"  109633";"   54837";"   54796";"11337736";" 5680589";" 5657147";" 7593928";" 1345974"
"171";"A045844";"2008JJ00";"  521948";"  473563";"  236691";"  236872";"50425690";"25207188";"25218502";"34753560";" 5882912"
"172";"A045844";"2009MM01";"   35197";"   32441";"   16187";"   16254";" 3072606";" 1564965";" 1507641";" 1931138";"  369811"
"173";"A045844";"2009MM02";"   32926";"   30076";"   15035";"   15041";" 2891262";" 1432485";" 1458777";" 1931692";"  283726"
"174";"A045844";"2009MM03";"   38434";"   34246";"   17121";"   17125";" 3390581";" 1719615";" 1670966";" 2276647";"  372212"
"175";"A045844";"2009KW01";"  106557";"   96763";"   48343";"   48420";" 9354449";" 4717065";" 4637384";" 6139477";" 1025749"
"176";"A045844";"2009MM04";"   40492";"   36224";"   18108";"   18116";" 3888685";" 1886896";" 2001789";" 2679421";"  445827"
"177";"A045844";"2009MM05";"   43098";"   38787";"   19388";"   19399";" 4173577";" 2122143";" 2051434";" 2987262";"  483044"
"178";"A045844";"2009MM06";"   42370";"   37849";"   18923";"   18926";" 4130139";" 2073981";" 2056158";" 2918724";"  499957"
"179";"A045844";"2009KW02";"  125960";"  112860";"   56419";"   56441";"12192401";" 6083020";" 6109381";" 8585407";" 1428828"
"180";"A045844";"2009MM07";"   44471";"   40351";"   20168";"   20183";" 4851476";" 2275515";" 2575961";" 3427550";"  530262"
"181";"A045844";"2009MM08";"   44140";"   39865";"   19932";"   19933";" 4811406";" 2553928";" 2257478";" 3364375";"  535393"
"182";"A045844";"2009MM09";"   42252";"   37832";"   18915";"   18917";" 4322719";" 2170571";" 2152148";" 3060047";"  481862"
"183";"A045844";"2009KW03";"  130863";"  118048";"   59015";"   59033";"13985601";" 7000014";" 6985587";" 9851972";" 1547517"
"184";"A045844";"2009MM10";"   41718";"   37867";"   18931";"   18936";" 4274814";" 2164348";" 2110466";" 2968577";"  463492"
"185";"A045844";"2009MM11";"   35808";"   32681";"   16355";"   16326";" 3355439";" 1695362";" 1660077";" 2246696";"  354377"
"186";"A045844";"2009MM12";"   33606";"   30910";"   15479";"   15431";" 3293039";" 1620230";" 1672809";" 2129192";"  383384"
"187";"A045844";"2009KW04";"  111132";"  101458";"   50765";"   50693";"10923292";" 5479940";" 5443352";" 7344465";" 1201253"
"188";"A045844";"2009JJ00";"  474512";"  429129";"  214542";"  214587";"46455743";"23280039";"23175704";"31921321";" 5203347"
"189";"A045844";"2010MM01";"   33656";"   31321";"   15634";"   15687";" 3114971";" 1579515";" 1535456";" 1963752";"  348767"
"190";"A045844";"2010MM02";"   32450";"   29857";"   14930";"   14927";" 3049444";" 1509935";" 1539509";" 2041702";"  286262"
"191";"A045844";"2010MM03";"   39349";"   34472";"   17239";"   17233";" 3697355";" 1878703";" 1818652";" 2481119";"  386175"
"192";"A045844";"2010KW01";"  105455";"   95650";"   47803";"   47847";" 9861770";" 4968153";" 4893617";" 6486573";" 1021204"
"193";"A045844";"2010MM04";"   33458";"   29353";"   14667";"   14686";" 3213665";" 1566719";" 1646946";" 2157027";"  370691"
"194";"A045844";"2010MM05";"   43040";"   38552";"   19286";"   19266";" 4447089";" 2239429";" 2207660";" 3156826";"  488874"
"195";"A045844";"2010MM06";"   43621";"   38344";"   19176";"   19168";" 4442139";" 2227879";" 2214260";" 3085676";"  528117"
"196";"A045844";"2010KW02";"  120119";"  106249";"   53129";"   53120";"12102893";" 6034027";" 6068866";" 8399529";" 1387682"
"197";"A045844";"2010MM07";"   46025";"   41196";"   20588";"   20608";" 5119203";" 2411334";" 2707869";" 3567233";"  561555"
"198";"A045844";"2010MM08";"   44925";"   40955";"   20490";"   20465";" 5058056";" 2688839";" 2369217";" 3535358";"  558618"
"199";"A045844";"2010MM09";"   43256";"   38706";"   19357";"   19349";" 4623783";" 2317813";" 2305970";" 3255060";"  504651"
"200";"A045844";"2010KW03";"  134206";"  120857";"   60435";"   60422";"14801042";" 7417986";" 7383056";"10357651";" 1624824"
"201";"A045844";"2010MM10";"   43576";"   39368";"   19683";"   19685";" 4666071";" 2364053";" 2302018";" 3263544";"  489656"
"202";"A045844";"2010MM11";"   37182";"   34145";"   17075";"   17070";" 3719403";" 1886706";" 1832697";" 2504810";"  380958"
"203";"A045844";"2010MM12";"   33260";"   31123";"   15588";"   15535";" 3440349";" 1699164";" 1741185";" 2209325";"  393625"
"204";"A045844";"2010KW04";"  114018";"  104636";"   52346";"   52290";"11825823";" 5949923";" 5875900";" 7977679";" 1264239"
"205";"A045844";"2010JJ00";"  473798";"  427392";"  213713";"  213679";"48591528";"24370089";"24221439";"33221432";" 5297949"
"206";"A045844";"2011MM01";"   36149";"   32992";"   16470";"   16522";" 3466587";" 1763962";" 1702625";" 2225510";"  360011"
"207";"A045844";"2011MM02";"   33703";"   30605";"   15302";"   15303";" 3251624";" 1610726";" 1640898";" 2219657";"  288556"
"208";"A045844";"2011MM03";"   40528";"   35822";"   17907";"   17915";" 3921482";" 1994598";" 1926884";" 2717875";"  386726"
"209";"A045844";"2011KW01";"  110380";"   99419";"   49679";"   49740";"10639693";" 5369286";" 5270407";" 7163042";" 1035293"
"210";"A045844";"2011MM04";"   43216";"   38703";"   19349";"   19354";" 4466794";" 2193871";" 2272923";" 3169194";"  456210"
"211";"A045844";"2011MM05";"   46867";"   42379";"   21197";"   21182";" 4916693";" 2485110";" 2431583";" 3608363";"  502854"
"212";"A045844";"2011MM06";"   45232";"   41139";"   20560";"   20579";" 4939490";" 2480462";" 2459028";" 3568565";"  546184"
"213";"A045844";"2011KW02";"  135315";"  122221";"   61106";"   61115";"14322977";" 7159443";" 7163534";"10346122";" 1505248"
"214";"A045844";"2011MM07";"   47644";"   43761";"   21871";"   21890";" 5627276";" 2668554";" 2958722";" 4044394";"  586694"
"215";"A045844";"2011MM08";"   47606";"   43822";"   21911";"   21911";" 5540569";" 2904186";" 2636383";" 3973627";"  580403"
"216";"A045844";"2011MM09";"   46189";"   41819";"   20915";"   20904";" 5128892";" 2586515";" 2542377";" 3704535";"  533424"
"217";"A045844";"2011KW03";"  141439";"  129402";"   64697";"   64705";"16296737";" 8159255";" 8137482";"11722556";" 1700521"
"218";"A045844";"2011MM10";"   45995";"   42073";"   21041";"   21032";" 5024163";" 2544469";" 2479694";" 3602947";"  507032"
"219";"A045844";"2011MM11";"   37811";"   34902";"   17455";"   17447";" 3807138";" 1925189";" 1881949";" 2623838";"  364080"
"220";"A045844";"2011MM12";"   36750";"   34313";"   17171";"   17142";" 3777434";" 1840313";" 1937121";" 2543922";"  378635"
"221";"A045844";"2011KW04";"  120556";"  111288";"   55667";"   55621";"12608735";" 6309971";" 6298764";" 8770707";" 1249747"
"222";"A045844";"2011JJ00";"  507690";"  462330";"  231149";"  231181";"53868142";"26997955";"26870187";"38002427";" 5490809"
"223";"A045844";"2012MM01";"   37172";"   34162";"   17064";"   17098";" 3675761";" 1878969";" 1796792";" 2444953";"  352218"
"224";"A045844";"2012MM02";"   35913";"   33042";"   16519";"   16523";" 3552136";" 1743950";" 1808186";" 2432008";"  307976"
"225";"A045844";"2012MM03";"   41494";"   37190";"   18577";"   18613";" 4177498";" 2128958";" 2048540";" 2895625";"  395584"
"226";"A045844";"2012KW01";"  114579";"  104394";"   52160";"   52234";"11405395";" 5751877";" 5653518";" 7772586";" 1055778"
"227";"A045844";"2012MM04";"   42400";"   38974";"   19493";"   19481";" 4568847";" 2241495";" 2327352";" 3251568";"  448685"
"228";"A045844";"2012MM05";"   46528";"   42648";"   21317";"   21331";" 5027940";" 2524338";" 2503602";" 3679671";"  507108"
"229";"A045844";"2012MM06";"   45546";"   41834";"   20910";"   20924";" 5078079";" 2535350";" 2542729";" 3655218";"  560976"
"230";"A045844";"2012KW02";"  134474";"  123456";"   61720";"   61736";"14674866";" 7301183";" 7373683";"10586457";" 1516769"
"231";"A045844";"2012MM07";"   48330";"   44593";"   22300";"   22293";" 5759003";" 2713559";" 3045444";" 4149748";"  595999"
"232";"A045844";"2012MM08";"   48001";"   44353";"   22192";"   22161";" 5671424";" 2971537";" 2699887";" 4043632";"  602428"
"233";"A045844";"2012MM09";"   45437";"   41799";"   20913";"   20886";" 5239374";" 2638183";" 2601191";" 3776436";"  543005"
"234";"A045844";"2012KW03";"  141768";"  130745";"   65405";"   65340";"16669801";" 8323279";" 8346522";"11969816";" 1741432"
"235";"A045844";"2012MM10";"   45218";"   42082";"   21045";"   21037";" 5100023";" 2585686";" 2514337";" 3663822";"  495683"
"236";"A045844";"2012MM11";"   37479";"   34833";"   17412";"   17421";" 3944666";" 1991565";" 1953101";" 2725085";"  362548"
"237";"A045844";"2012MM12";"   34929";"   33071";"   16555";"   16516";" 3858569";" 1880368";" 1978201";" 2568570";"  382972"
"238";"A045844";"2012KW04";"  117626";"  109986";"   55012";"   54974";"12903258";" 6457619";" 6445639";" 8957477";" 1241203"
"239";"A045844";"2012JJ00";"  508447";"  468581";"  234297";"  234284";"55653320";"27833958";"27819362";"39286336";" 5555182"
"240";"A045844";"2013MM01";"   35495";"   33360";"   16656";"   16704";" 3670053";" 1866007";" 1804046";" 2397295";"  354728"
"241";"A045844";"2013MM02";"   34301";"   31936";"   15977";"   15959";" 3563751";" 1765193";" 1798558";" 2446050";"  296501"
"242";"A045844";"2013MM03";"   40411";"   36854";"   18411";"   18443";" 4341934";" 2189392";" 2152542";" 3002942";"  401860"
"243";"A045844";"2013KW01";"  110207";"  102150";"   51044";"   51106";"11575738";" 5820592";" 5755146";" 7846287";" 1053089"
"244";"A045844";"2013MM04";"   43252";"   40217";"   20111";"   20106";" 4779391";" 2337110";" 2442281";" 3406408";"  468365"
"245";"A045844";"2013MM05";"   47538";"   44108";"   22038";"   22070";" 5440427";" 2742625";" 2697802";" 3999143";"  545695"
"246";"A045844";"2013MM06";"   46372";"   42758";"   21380";"   21378";" 5404974";" 2691770";" 2713204";" 3878158";"  595426"
"247";"A045844";"2013KW02";"  137162";"  127083";"   63529";"   63554";"15624792";" 7771505";" 7853287";"11283709";" 1609486"
"248";"A045844";"2013MM07";"   48804";"   45286";"   22637";"   22649";" 5934128";" 2804005";" 3130123";" 4275317";"  619607"
"249";"A045844";"2013MM08";"   48339";"   44963";"   22467";"   22496";" 5942981";" 3106009";" 2836972";" 4226967";"  641256"
"250";"A045844";"2013MM09";"   46776";"   43316";"   21662";"   21654";" 5477811";" 2757247";" 2720564";" 3980218";"  560859"
"251";"A045844";"2013KW03";"  143919";"  133565";"   66766";"   66799";"17354920";" 8667261";" 8687659";"12482502";" 1821722"
"252";"A045844";"2013MM10";"   46264";"   43084";"   21539";"   21545";" 5288928";" 2671780";" 2617148";" 3837144";"  510374"
"253";"A045844";"2013MM11";"   38601";"   35980";"   17992";"   17988";" 4099344";" 2070177";" 2029167";" 2870409";"  366656"
"254";"A045844";"2013MM12";"   37056";"   34930";"   17491";"   17439";" 4103791";" 2007376";" 2096415";" 2776539";"  401980"
"255";"A045844";"2013KW04";"  121921";"  113994";"   57022";"   56972";"13492063";" 6749333";" 6742730";" 9484092";" 1279010"
"256";"A045844";"2013JJ00";"  513209";"  476792";"  238361";"  238431";"58047513";"29008691";"29038822";"41096590";" 5763307"
"257";"A045844";"2014MM01";"   37193";"   34913";"   17426";"   17487";" 3937135";" 1993517";" 1943618";" 2614350";"  363828"
"258";"A045844";"2014MM02";"   35387";"   32831";"   16406";"   16425";" 3770429";" 1859121";" 1911308";" 2615846";"  302449"
"259";"A045844";"2014MM03";"   41687";"   38006";"   18995";"   19011";" 4489453";" 2277177";" 2212276";" 3147287";"  392758"
"260";"A045844";"2014KW01";"  114267";"  105750";"   52827";"   52923";"12197017";" 6129815";" 6067202";" 8377483";" 1059035"
"261";"A045844";"2014MM04";"   44148";"   41042";"   20512";"   20530";" 5075277";" 2465884";" 2609393";" 3674238";"  455864"
"262";"A045844";"2014MM05";"   48262";"   44684";"   22329";"   22355";" 5618850";" 2830908";" 2787942";" 4159715";"  541965"
"263";"A045844";"2014MM06";"   47657";"   43941";"   21973";"   21968";" 5642408";" 2848167";" 2794241";" 4143629";"  578705"
"264";"A045844";"2014KW02";"  140067";"  129667";"   64814";"   64853";"16336535";" 8144959";" 8191576";"11977582";" 1576534"
"265";"A045844";"2014MM07";"   49626";"   46402";"   23191";"   23211";" 6070119";" 2841054";" 3229065";" 4460368";"  585785"
"266";"A045844";"2014MM08";"   49253";"   46479";"   23230";"   23249";" 6261369";" 3272798";" 2988571";" 4532170";"  617721"
"267";"A045844";"2014MM09";"   48213";"   44912";"   22465";"   22447";" 5802996";" 2912901";" 2890095";" 4259359";"  578497"
"268";"A045844";"2014KW03";"  147092";"  137793";"   68886";"   68907";"18134484";" 9026753";" 9107731";"13251897";" 1782003"
"269";"A045844";"2014MM10";"   47610";"   44688";"   22338";"   22350";" 5609100";" 2840063";" 2769037";" 4123691";"  526499"
"270";"A045844";"2014MM11";"   39545";"   36888";"   18448";"   18440";" 4321292";" 2176743";" 2144549";" 3056363";"  384075"
"271";"A045844";"2014MM12";"   38181";"   36238";"   18149";"   18089";" 4334189";" 2127306";" 2206883";" 3000165";"  407761"
"272";"A045844";"2014KW04";"  125336";"  117814";"   58935";"   58879";"14264581";" 7144112";" 7120469";"10180219";" 1318335"
"273";"A045844";"2014JJ00";"  526762";"  491024";"  245462";"  245562";"60932617";"30445639";"30486978";"43787181";" 5735907"
"274";"A045844";"2015MM01";"   37288";"   35424";"   17679";"   17745";" 4067159";" 2053582";" 2013577";" 2744657";"  373946"
"275";"A045844";"2015MM02";"   36279";"   34013";"   17001";"   17012";" 3975652";" 1963234";" 2012418";" 2820468";"  308215"
"276";"A045844";"2015MM03";"   41870";"   38723";"   19371";"   19352";" 4651418";" 2361147";" 2290271";" 3315573";"  402484"
"277";"A045844";"2015KW01";"  115437";"  108160";"   54051";"   54109";"12694229";" 6377963";" 6316266";" 8880698";" 1084645"
"278";"A045844";"2015MM04";"   45402";"   42263";"   21126";"   21137";" 5318300";" 2592791";" 2725509";" 3899799";"  485299"
"279";"A045844";"2015MM05";"   49852";"   46525";"   23258";"   23267";" 6064935";" 3050274";" 3014661";" 4553124";"  579116"
"280";"A045844";"2015MM06";"   49435";"   45459";"   22731";"   22728";" 5971077";" 2983254";" 2987823";" 4421466";"  608987"
"281";"A045844";"2015KW02";"  144689";"  134247";"   67115";"   67132";"17354312";" 8626319";" 8727993";"12874389";" 1673402"
"282";"A045844";"2015MM07";"   51055";"   47783";"   23879";"   23904";" 6568499";" 3093605";" 3474894";" 4840842";"  626486"
"283";"A045844";"2015MM08";"   50728";"   47532";"   23767";"   23765";" 6606203";" 3459913";" 3146290";" 4806548";"  648241"
"284";"A045844";"2015MM09";"   49021";"   45886";"   22955";"   22931";" 6115762";" 3064261";" 3051501";" 4506062";"  603799"
"285";"A045844";"2015KW03";"  150804";"  141201";"   70601";"   70600";"19290464";" 9617779";" 9672685";"14153452";" 1878526"
"286";"A045844";"2015MM10";"   48396";"   45332";"   22645";"   22687";" 5940890";" 2997692";" 2943198";" 4370946";"  566462"
"287";"A045844";"2015MM11";"   40513";"   37962";"   18996";"   18966";" 4697506";" 2364328";" 2333178";" 3378124";"  400208"
"288";"A045844";"2015MM12";"   40542";"   38065";"   19047";"   19018";" 4657214";" 2292144";" 2365070";" 3276177";"  418629"
"289";"A045844";"2015KW04";"  129451";"  121359";"   60688";"   60671";"15295610";" 7654164";" 7641446";"11025247";" 1385299"
"290";"A045844";"2015JJ00";"  540381";"  504967";"  252455";"  252512";"64634615";"32276225";"32358390";"46933786";" 6021872"
"291";"A045844";"2016MM01";"   38706";"   36709";"   18340";"   18369";" 4487365";" 2263317";" 2224048";" 3115183";"  384878"
"292";"A045844";"2016MM02";"   39249";"   36774";"   18388";"   18386";" 4510127";" 2227376";" 2282751";" 3285911";"  330153"
"293";"A045844";"2016MM03";"   44730";"   41451";"   20720";"   20731";" 5249454";" 2646268";" 2603186";" 3822589";"  444948"
"294";"A045844";"2016KW01";"  122685";"  114934";"   57448";"   57486";"14246946";" 7136961";" 7109985";"10223683";" 1159979"
"295";"A045844";"2016MM04";"   48235";"   44736";"   22366";"   22370";" 5837141";" 2826735";" 3010406";" 4318761";"  537706"
"296";"A045844";"2016MM05";"   52417";"   48862";"   24431";"   24431";" 6408460";" 3261250";" 3147210";" 4860116";"  593176"
"297";"A045844";"2016MM06";"   49996";"   46549";"   23271";"   23278";" 6203153";" 3095920";" 3107233";" 4648888";"  603626"
"298";"A045844";"2016KW02";"  150648";"  140147";"   70068";"   70079";"18448754";" 9183905";" 9264849";"13827765";" 1734508"
"299";"A045844";"2016MM07";"   54325";"   50742";"   25362";"   25380";" 7074939";" 3325563";" 3749376";" 5271958";"  632783"
"300";"A045844";"2016MM08";"   54209";"   51075";"   25540";"   25535";" 7115921";" 3718176";" 3397745";" 5274328";"  642188"
"301";"A045844";"2016MM09";"   52167";"   48782";"   24380";"   24402";" 6572800";" 3299982";" 3272818";" 4913276";"  602732"
"302";"A045844";"2016KW03";"  160701";"  150599";"   75282";"   75317";"20763660";"10343721";"10419939";"15459562";" 1877703"
"303";"A045844";"2016MM10";"   51719";"   48802";"   24404";"   24398";" 6445707";" 3262872";" 3182835";" 4798974";"  574585"
"304";"A045844";"2016MM11";"   42990";"   40403";"   20205";"   20198";" 5162840";" 2594898";" 2567942";" 3744211";"  414007"
"305";"A045844";"2016MM12";"   42450";"   40357";"   20190";"   20167";" 5211659";" 2554056";" 2657603";" 3693658";"  448810"
"306";"A045844";"2016KW04";"  137159";"  129562";"   64799";"   64763";"16820206";" 8411826";" 8408380";"12236843";" 1437402"
"307";"A045844";"2016JJ00";"  571193";"  535242";"  267597";"  267645";"70279566";"35076413";"35203153";"51747853";" 6209592"
"308";"A045844";"2017MM01";"   41818";"   39687";"   19833";"   19854";" 5024395";" 2549832";" 2474563";" 3512887";"  415992"
"309";"A045844";"2017MM02";"   39643";"   37318";"   18660";"   18658";" 4787727";" 2353424";" 2434303";" 3465376";"  347868"
"310";"A045844";"2017MM03";"   47259";"   44013";"   22000";"   22013";" 5717190";" 2902551";" 2814639";" 4168287";"  465218"
"311";"A045844";"2017KW01";"  128720";"  121018";"   60493";"   60525";"15529312";" 7805807";" 7723505";"11146550";" 1229078"
"312";"A045844";"2017MM04";"   50101";"   46977";"   23488";"   23489";" 6525509";" 3189652";" 3335857";" 4817217";"  602264"
"313";"A045844";"2017MM05";"   54835";"   51232";"   25617";"   25615";" 6988685";" 3523496";" 3465189";" 5266504";"  652156"
"314";"A045844";"2017MM06";"   53066";"   49591";"   24778";"   24813";" 6904028";" 3464205";" 3439823";" 5208558";"  656140"
"315";"A045844";"2017KW02";"  158002";"  147800";"   73883";"   73917";"20418222";"10177353";"10240869";"15292279";" 1910560"
"316";"A045844";"2017MM07";"   55376";"   52112";"   26050";"   26062";" 7532873";" 3560737";" 3972136";" 5649595";"  673050"
"317";"A045844";"2017MM08";"   55506";"   52466";"   26227";"   26239";" 7608101";" 3944170";" 3663931";" 5702662";"  682603"
"318";"A045844";"2017MM09";"   52814";"   49841";"   24915";"   24926";" 7044350";" 3555704";" 3488646";" 5298309";"  631746"
"319";"A045844";"2017KW03";"  163696";"  154419";"   77192";"   77227";"22185324";"11060611";"11124713";"16650566";" 1987399"
"320";"A045844";"2017MM10";"   53107";"   50259";"   25126";"   25133";" 6975594";" 3517373";" 3458221";" 5228557";"  597935"
"321";"A045844";"2017MM11";"   44419";"   41970";"   20982";"   20988";" 5657189";" 2848886";" 2808303";" 4107484";"  448065"
"322";"A045844";"2017MM12";"   42194";"   40319";"   20168";"   20151";" 5437988";" 2656624";" 2781364";" 3831216";"  468071"
"323";"A045844";"2017KW04";"  139720";"  132548";"   66276";"   66272";"18070771";" 9022883";" 9047888";"13167257";" 1514071"
"324";"A045844";"2017JJ00";"  590138";"  555785";"  277844";"  277941";"76203629";"38066654";"38136975";"56256652";" 6641108"
"325";"A045844";"2018MM01";"   43441";"   41247";"   20616";"   20631";" 5410899";" 2735932";" 2674967";" 3805859";"  439651"
"326";"A045844";"2018MM02";"   41665";"   39014";"   19513";"   19501";" 5237331";" 2574649";" 2662682";" 3793051";"  376979"
"327";"A045844";"2018MM03";"   47967";"   44687";"   22333";"   22354";" 6151187";" 3111952";" 3039235";" 4455464";"  512131"
"328";"A045844";"2018KW01";"  133073";"  124948";"   62462";"   62486";"16799417";" 8422533";" 8376884";"12054374";" 1328761"
"329";"A045844";"2018MM04";"   50660";"   47362";"   23688";"   23674";" 6730695";" 3275700";" 3454995";" 4932741";"  632932"
"330";"A045844";"2018MM05";"   54882";"   51151";"   25563";"   25588";" 7261667";" 3666643";" 3595024";" 5456899";"  691282"
"331";"A045844";"2018MM06";"   53590";"   49764";"   24869";"   24895";" 7233806";" 3615253";" 3618553";" 5382900";"  723560"
"332";"A045844";"2018KW02";"  159132";"  148277";"   74120";"   74157";"21226168";"10557596";"10668572";"15772540";" 2047774"
"333";"A045844";"2018MM07";"   55894";"   52126";"   26069";"   26057";" 7691695";" 3621660";" 4070035";" 5689224";"  741425"
"334";"A045844";"2018MM08";"   55373";"   52326";"   26155";"   26171";" 7786633";" 4018842";" 3767791";" 5733377";"  755913"
"335";"A045844";"2018MM09";"   54154";"   50660";"   25335";"   25325";" 7294410";" 3665569";" 3628841";" 5429424";"  696027"
"336";"A045844";"2018KW03";"  165421";"  155112";"   77559";"   77553";"22772738";"11306071";"11466667";"16852025";" 2193365"
"337";"A045844";"2018MM10";"   54754";"   51475";"   25733";"   25742";" 7262779";" 3655800";" 3606979";" 5388538";"  660868"
"338";"A045844";"2018MM11";"   45353";"   42585";"   21290";"   21295";" 5802548";" 2916663";" 2885885";" 4174366";"  497467"
"339";"A045844";"2018MM12";"   44363";"   42149";"   21078";"   21071";" 5742668";" 2802933";" 2939735";" 4043822";"  519102"
"340";"A045844";"2018KW04";"  144470";"  136209";"   68101";"   68108";"18807995";" 9375396";" 9432599";"13606726";" 1677437"
"341";"A045844";"2018JJ00";"  602096";"  564546";"  282242";"  282304";"79606318";"39661596";"39944722";"58285665";" 7247337"
"342";"A045844";"2019MM01";"   43492";"   41285";"   20634";"   20651";" 5495052";" 2777666";" 2717386";" 3839988";"  462521"
"343";"A045844";"2019MM02";"   41972";"   39204";"   19595";"   19609";" 5352301";" 2638163";" 2714138";" 3866027";"  401645"
"344";"A045844";"2019MM03";"   47712";"   44649";"   22326";"   22323";" 6270788";" 3170209";" 3100579";" 4547261";"  543422"
"345";"A045844";"2019KW01";"  133176";"  125138";"   62555";"   62583";"17118141";" 8586038";" 8532103";"12253276";" 1407588"
"346";"A045844";"2019MM04";"   51400";"   47934";"   23965";"   23969";" 6926059";" 3372752";" 3553307";" 5094415";"  660798"
"347";"A045844";"2019MM05";"   55561";"   51719";"   25851";"   25868";" 7396960";" 3709789";" 3687171";" 5575054";"  726649"
"348";"A045844";"2019MM06";"   54113";"   50135";"   25069";"   25066";" 7471334";" 3755096";" 3716238";" 5581133";"  762961"
"349";"A045844";"2019KW02";"  161074";"  149788";"   74885";"   74903";"21794353";"10837637";"10956716";"16250602";" 2150408"
"350";"A045844";"2019MM07";"   55398";"   51786";"   25885";"   25901";" 7730263";" 3633107";" 4097156";" 5714888";"  777044"
"351";"A045844";"2019MM08";"   55321";"   52127";"   26055";"   26072";" 7859458";" 4067875";" 3791583";" 5796841";"  793609"
"352";"A045844";"2019MM09";"   54336";"   51091";"   25557";"   25534";" 7486440";" 3755429";" 3731011";" 5597732";"  736288"
"353";"A045844";"2019KW03";"  165055";"  155004";"   77497";"   77507";"23076161";"11456411";"11619750";"17109461";" 2306941"
"354";"A045844";"2019MM10";"   54417";"   51135";"   25573";"   25562";" 7354352";" 3708483";" 3645869";" 5481390";"  684886"
"355";"A045844";"2019MM11";"   44911";"   42195";"   21088";"   21107";" 5885771";" 2957800";" 2927971";" 4237242";"  504089"
"356";"A045844";"2019MM12";"   45000";"   42771";"   21395";"   21376";" 5938523";" 2900912";" 3037611";" 4210901";"  550494"
"357";"A045844";"2019KW04";"  144328";"  136101";"   68056";"   68045";"19178646";" 9567195";" 9611451";"13929533";" 1739469"
"358";"A045844";"2019JJ00";"  603633";"  566031";"  282993";"  283038";"81167301";"40447281";"40720020";"59542872";" 7604406"
"359";"A045844";"2020MM01";"   43913";"   41768";"   20884";"   20884";" 5595249";" 2825386";" 2769863";" 3933548";"  481908"
"360";"A045844";"2020MM02";"   41559";"   39299";"   19645";"   19654";" 5281600";" 2616242";" 2665358";" 3850441";"  423686"
"361";"A045844";"2020MM03";"   30705";"   28306";"   14184";"   14122";" 2773554";" 1462008";" 1311546";" 1916112";"  243685"
"362";"A045844";"2020KW01";"  116177";"  109373";"   54713";"   54660";"13650403";" 6903636";" 6746767";" 9700101";" 1149279"
"363";"A045844";"2020MM04";"    6093";"    4759";"    2375";"    2384";"  133752";"   74778";"   58974";"   75422";"   20466"
"364";"A045844";"2020MM05";"    8781";"    6556";"    3270";"    3286";"  220120";"  116888";"  103232";"  143839";"   27209"
"365";"A045844";"2020MM06";"   12305";"    9336";"    4674";"    4662";"  526544";"  251076";"  275468";"  393374";"   52137"
"366";"A045844";"2020KW02";"   27179";"   20651";"   10319";"   10332";"  880416";"  442742";"  437674";"  612635";"   99812"
"367";"A045844";"2020MM07";"   23209";"   19701";"    9844";"    9857";" 1690515";"  760514";"  930001";" 1466056";"   72435"
"368";"A045844";"2020MM08";"   30641";"   27575";"   13760";"   13815";" 2242935";" 1198701";" 1044234";" 1996656";"   78145"
"369";"A045844";"2020MM09";"   28850";"   25290";"   12646";"   12644";" 1547263";"  794910";"  752353";" 1311330";"   66307"
"370";"A045844";"2020KW03";"   82700";"   72566";"   36250";"   36316";" 5480713";" 2754125";" 2726588";" 4774042";"  216887"
"371";"A045844";"2020MM10";"   24471";"   22028";"   11010";"   11018";" 1303123";"  658399";"  644724";" 1031534";"   66842"
"372";"A045844";"2020MM11";"   18585";"   16283";"    8146";"    8137";"  965071";"  486521";"  478550";"  691389";"   66435"
"373";"A045844";"2020MM12";"   19070";"   17325";"    8684";"    8641";" 1306018";"  609520";"  696498";"  904778";"  103297"
"374";"A045844";"2020KW04";"   62126";"   55636";"   27840";"   27796";" 3574212";" 1754440";" 1819772";" 2627701";"  236574"
"375";"A045844";"2020JJ00";"  288182";"  258226";"  129122";"  129104";"23585744";"11854943";"11730801";"17714479";" 1702552"
"376";"A045844";"2021MM01";"   17466";"   15907";"    7930";"    7977";"  909617";"  489232";"  420385";"  590675";"   82135"
"377";"A045844";"2021MM02";"   12995";"   11528";"    5763";"    5765";"  519827";"  260596";"  259231";"  339063";"   35111"
"378";"A045844";"2021MM03";"   15789";"   13228";"    6614";"    6614";"  676647";"  339259";"  337388";"  447426";"   48381"
"379";"A045844";"2021KW01";"   46250";"   40663";"   20307";"   20356";" 2106091";" 1089087";" 1017004";" 1377164";"  165627"
"380";"A045844";"2021MM04";"   17967";"   14891";"    7443";"    7448";"  817876";"  400390";"  417486";"  567351";"   59973"
"381";"A045844";"2021MM05";"   20237";"   16987";"    8484";"    8503";" 1169673";"  581427";"  588246";"  867506";"   90218"
"382";"A045844";"2021MM06";"   25536";"   21701";"   10850";"   10851";" 1870330";"  899114";"  971216";" 1413413";"  152456"
"383";"A045844";"2021KW02";"   63740";"   53579";"   26777";"   26802";" 3857879";" 1880931";" 1976948";" 2848270";"  302647"
"384";"A045844";"2021MM07";"   37718";"   33916";"   16972";"   16944";" 3515159";" 1584635";" 1930524";" 2757723";"  250840"
"385";"A045844";"2021MM08";"   40922";"   37282";"   18624";"   18658";" 4479180";" 2368993";" 2110187";" 3593589";"  301725"
"386";"A045844";"2021MM09";"   39712";"   35262";"   17630";"   17632";" 4013477";" 2048412";" 1965065";" 3298932";"  241557"
"387";"A045844";"2021KW03";"  118352";"  106460";"   53226";"   53234";"12007816";" 6002040";" 6005776";" 9650244";"  794122"
"388";"A045844";"2021MM10";"   40489";"   36465";"   18222";"   18243";" 4395945";" 2241087";" 2154858";" 3613183";"  234122"
"389";"A045844";"2021MM11";"   35131";"   32026";"   16009";"   16017";" 3492940";" 1759024";" 1733916";" 2670142";"  254593"
"390";"A045844";"2021MM12";"   36326";"   33869";"   16962";"   16907";" 3208864";" 1481925";" 1726939";" 2277586";"  310974"
"391";"A045844";"2021KW04";"  111946";"  102360";"   51193";"   51167";"11097749";" 5482036";" 5615713";" 8560911";"  799689"
"392";"A045844";"2021JJ00";"  340288";"  303062";"  151503";"  151559";"29069535";"14454094";"14615441";"22436589";" 2062085"
"393";"A045844";"2022MM01";"   31964";"   29604";"   14767";"   14837";" 2831598";" 1521503";" 1310095";" 2008228";"  234824"
"394";"A045844";"2022MM02";"   30459";"   27456";"   13750";"   13706";" 3040193";" 1491966";" 1548227";" 2279907";"  191060"
"395";"A045844";"2022MM03";"   39107";"   34568";"   17273";"   17295";" 4241663";" 2169929";" 2071734";" 3203309";"  333806"
"396";"A045844";"2022KW01";"  101530";"   91628";"   45790";"   45838";"10113454";" 5183398";" 4930056";" 7491444";"  759690"
"397";"A045844";"2022MM04";"   43239";"   38824";"   19390";"   19434";" 5140272";" 2472976";" 2667296";" 3944204";"  480907"
"398";"A045844";"2022MM05";"   49637";"   44823";"   22391";"   22432";" 6091195";" 3110099";" 2981096";" 4739981";"  580889"
"399";"A045844";"2022MM06";"   48847";"   43248";"   21627";"   21621";" 6118070";" 3060147";" 3057923";" 4663781";"  676303"
"400";"A045844";"2022KW02";"  141723";"  126895";"   63408";"   63487";"17349537";" 8643222";" 8706315";"13347966";" 1738099"
"401";"A045844";"2022MM07";"   48364";"   43218";"   21616";"   21602";" 6211931";" 2960429";" 3251502";" 4597397";"  691674"
"402";"A045844";"2022MM08";"   49173";"   44862";"   22406";"   22456";" 6378969";" 3341249";" 3037720";" 4746288";"  682302"
"403";"A045844";"2022MM09";"   47989";"   43523";"   21769";"   21754";" 6108567";" 3086830";" 3021737";" 4586543";"  648794"
"404";"A045844";"2022KW03";"  145526";"  131603";"   65791";"   65812";"18699467";" 9388508";" 9310959";"13930228";" 2022770"
"405";"A045844";"2022MM10";"   47117";"   42909";"   21453";"   21456";" 5854649";" 2970914";" 2883735";" 4349916";"  599749"
"406";"A045844";"2022MM11";"   37876";"   34597";"   17292";"   17305";" 4570458";" 2310665";" 2259793";" 3239466";"  435259"
"407";"A045844";"2022MM12";"   37591";"   34968";"   17489";"   17479";" 4680493";" 2256225";" 2424268";" 3253605";"  469135"
"408";"A045844";"2022KW04";"  122584";"  112474";"   56234";"   56240";"15105600";" 7537804";" 7567796";"10842987";" 1504143"
"409";"A045844";"2022JJ00";"  511363";"  462600";"  231223";"  231377";"61268058";"30752932";"30515126";"45612625";" 6024702"
"410";"A045844";"2023MM01";"   37038";"   34322";"   17149";"   17173";" 4480014";" 2297618";" 2182396";" 3110206";"  410530"
"411";"A045844";"2023MM02";"   35573";"   32416";"   16218";"   16198";" 4348644";" 2141469";" 2207175";" 3107103";"  353704"
"412";"A045844";"2023MM03";"   41983";"   38044";"   19009";"   19035";" 5276851";" 2694481";" 2582370";" 3787923";"  514203"
"413";"A045844";"2023KW01";"  114594";"  104782";"   52376";"   52406";"14105509";" 7133568";" 6971941";"10005232";" 1278437"
"414";"A045844";"2023MM04";"   45722";"   41609";"   20807";"   20802";" 5912774";" 2885106";" 3027668";" 4347203";"  624690"
"415";"A045844";"2023MM05";"   49828";"   45469";"   22718";"   22751";" 6514881";" 3308890";" 3205991";" 4885730";"  669441"
"416";"A045844";"2023MM06";"   49260";"   44638";"   22315";"   22323";" 6539439";" 3267462";" 3271977";" 4855790";"  710977"
"417";"A045844";"2023KW02";"  144810";"  131716";"   65840";"   65876";"18967094";" 9461458";" 9505636";"14088723";" 2005108"
"418";"A045844";"2023MM07";"   51665";"   47556";"   23774";"   23782";" 6991247";" 3329949";" 3661298";" 5183615";"  710246"
"419";"A045844";"2023MM08";"   51960";"   48111";"   24034";"   24077";" 7061633";" 3664071";" 3397562";" 5242157";"  719840"
"420";"A045844";"2023MM09";"   50962";"   47029";"   23508";"   23521";" 6731547";" 3397871";" 3333676";" 5059675";"  669022"
"421";"A045844";"2023KW03";"  154587";"  142696";"   71316";"   71380";"20784427";"10391891";"10392536";"15485447";" 2099108"
"422";"A045844";"2023MM10";"   50894";"   47551";"   23779";"   23772";" 6730858";" 3410559";" 3320299";" 5053547";"  657597"
"423";"A045844";"2023MM11";"   41754";"   39272";"   19646";"   19626";" 5315004";" 2681873";" 2633131";" 3860452";"  496532"
"424";"A045844";"2023MM12";"   42134";"   39972";"   19984";"   19988";" 5417945";" 2606793";" 2811152";" 3869937";"  529322"
"425";"A045844";"2023KW04";"  134782";"  126795";"   63409";"   63386";"17463807";" 8699225";" 8764582";"12783936";" 1683451"
"426";"A045844";"2023JJ00";"  548773";"  505989";"  252941";"  253048";"71320837";"35686142";"35634695";"52363338";" 7066104"
"427";"A045844";"2024MM01";"   41948";"   39237";"   19611";"   19626";" 5125828";" 2635086";" 2490742";" 3607769";"  470186"
"428";"A045844";"2024MM02";"   41985";"   39333";"   19652";"   19681";" 5232842";" 2603922";" 2628920";" 3801099";"  414227"
"429";"A045844";"2024MM03";"   46542";"   42859";"   21433";"   21426";" 5891765";" 2967085";" 2924680";" 4299522";"  544552"
"430";"A045844";"2024KW01";"  130475";"  121429";"   60696";"   60733";"16250435";" 8206093";" 8044342";"11708390";" 1428965"
"431";"A045844";"2024MM04";"   48019";"   44627";"   22310";"   22317";" 6274032";" 3060529";" 3213503";" 4687087";"  633132"
"432";"A045844";"2024MM05";"   52221";"   48215";"   24099";"   24116";" 6930388";" 3528268";" 3402120";" 5267580";"  692656"
"433";"A045844";"2024MM06";"   51320";"   46924";"   23462";"   23462";" 6884361";" 3462245";" 3422116";" 5211833";"  708801"
"434";"A045844";"2024KW02";"  151560";"  139766";"   69871";"   69895";"20088781";"10051042";"10037739";"15166500";" 2034589"
"435";"A045844";"2024MM07";"   53018";"   48827";"   24421";"   24406";" 7251748";" 3422794";" 3828954";" 5436269";"  721684"
"436";"A045844";"2024MM08";"   53307";"   49247";"   24604";"   24643";" 7375926";" 3863369";" 3512557";" 5525336";"  733437"
"437";"A045844";"2024MM09";"   51542";"   47862";"   23930";"   23932";" 6966373";" 3515297";" 3451076";" 5292233";"  664040"
"438";"A045844";"2024KW03";"  157867";"  145936";"   72955";"   72981";"21594047";"10801460";"10792587";"16253838";" 2119161"
"439";"A045844";"2024MM10";"   51297";"   47767";"   23879";"   23888";" 6927832";" 3463237";" 3464595";" 5221818";"  660196"
"440";"A045844";"2024MM11";"   43498";"   40629";"   20301";"   20328";" 5657172";" 2897889";" 2759283";" 4117303";"  496118"
"441";"A045844";"2024MM12";"   43848";"   41505";"   20745";"   20760";" 5731674";" 2765647";" 2966027";" 4102568";"  552030"
"442";"A045844";"2024KW04";"  138643";"  129901";"   64925";"   64976";"18316678";" 9126773";" 9189905";"13441689";" 1708344"
"443";"A045844";"2024JJ00";"  578545";"  537032";"  268447";"  268585";"76249941";"38185368";"38064573";"56570417";" 7291059"
"444";"A045844";"2025MM01";"   42285";"   39678";"   19822";"   19856";" 5361172";" 2748722";" 2612450";" 3757594";"  486134"
"445";"A045844";"2025MM02";"   41323";"   38283";"   19135";"   19148";" 5271284";" 2614491";" 2656793";" 3828175";"  413496"
"446";"A045844";"2025MM03";"   47792";"   43579";"   21764";"   21815";" 5998924";" 3061083";" 2937841";" 4415347";"  538828"
"447";"A045844";"2025KW01";"  131400";"  121540";"   60721";"   60819";"16631380";" 8424296";" 8207084";"12001116";" 1438458"
"448";"A045844";"2025MM04";"   49922";"   45927";"   22966";"   22961";" 6671735";" 3254167";" 3417568";" 4979741";"  654908"
"449";"A045844";"2025MM05";"   53088";"   49004";"   24467";"   24537";" 7063336";" 3592597";" 3470739";" 5371241";"  684339"
"450";"A045844";"2025MM06";"   51213";"   46867";"   23406";"   23461";" 6979746";" 3555014";" 3424732";" 5289409";"  714261"
"451";"A045844";"2025KW02";"  154223";"  141798";"   70839";"   70959";"20714817";"10401778";"10313039";"15640391";" 2053508"
"452";"A045844";"2025MM07";"   53825";"   49659";"   24830";"   24829";" 7514279";" 3550254";" 3964025";" 5645643";"  737505"
"453";"A045844";"2025MM08";"   54262";"   50034";"   24990";"   25044";" 7641006";" 4044858";" 3596148";" 5709565";"  749186"
"454";"A045844";"2025MM09";"   51097";"   47492";"   23739";"   23753";" 7046463";" 3552017";" 3494446";" 5325587";"  657001"
"455";"A045844";"2025KW03";"  159184";"  147185";"   73559";"   73626";"22201748";"11147129";"11054619";"16680795";" 2143692"
"456";"A043590";"1997JJ00";"  361910";"  349476";"  174726";"  174750";"31021002";"15496157";"15524845";"20282682";" 4628855"
"457";"A043590";"1998JJ00";"  388218";"  376810";"  188402";"  188408";"33946104";"16899139";"17046965";"22496275";" 4915352"
"458";"A043590";"1999MM01";"   30391";"   29640";"   14816";"   14824";" 2372578";" 1192304";" 1180274";" 1496494";"  334326"
"459";"A043590";"1999MM02";"   28302";"   27526";"   13760";"   13766";" 2332664";" 1157235";" 1175429";" 1534949";"  301060"
"460";"A043590";"1999MM03";"   32595";"   31473";"   15745";"   15728";" 2825328";" 1418232";" 1407096";" 1837844";"  418994"
"461";"A043590";"1999KW01";"   91288";"   88639";"   44321";"   44318";" 7530570";" 3767771";" 3762799";" 4869287";" 1054380"
"462";"A043590";"1999MM04";"   33069";"   32013";"   15999";"   16014";" 2901478";" 1430660";" 1470818";" 1926831";"  427737"
"463";"A043590";"1999MM05";"   35221";"   34133";"   17070";"   17063";" 3263955";" 1635931";" 1628024";" 2231219";"  487429"
"464";"A043590";"1999MM06";"   34707";"   33426";"   16715";"   16711";" 3226738";" 1595150";" 1631588";" 2179958";"  512995"
"465";"A043590";"1999KW02";"  102997";"   99572";"   49784";"   49788";" 9392171";" 4661741";" 4730430";" 6338008";" 1428161"
"466";"A043590";"1999MM07";"   36589";"   35529";"   17754";"   17775";" 3610786";" 1693176";" 1917610";" 2420422";"  538704"
"467";"A043590";"1999MM08";"   36485";"   35625";"   17818";"   17807";" 3709274";" 1937342";" 1771932";" 2461637";"  554157"
"468";"A043590";"1999MM09";"   35656";"   34411";"   17203";"   17208";" 3467185";" 1742014";" 1725171";" 2340328";"  512282"
"469";"A043590";"1999KW03";"  108730";"  105565";"   52775";"   52790";"10787245";" 5372532";" 5414713";" 7222387";" 1605143"
"470";"A043590";"1999MM10";"   36292";"   35126";"   17566";"   17560";" 3449646";" 1738734";" 1710912";" 2300568";"  501679"
"471";"A043590";"1999MM11";"   34169";"   33182";"   16596";"   16586";" 2802951";" 1415707";" 1387244";" 1819948";"  394949"
"472";"A043590";"1999MM12";"   32288";"   31521";"   15799";"   15722";" 2462530";" 1229667";" 1232863";" 1584168";"  351598"
"473";"A043590";"1999KW04";"  102749";"   99829";"   49961";"   49868";" 8715127";" 4384108";" 4331019";" 5704684";" 1248226"
"474";"A043590";"1999JJ00";"  405764";"  393605";"  196841";"  196764";"36425113";"18186152";"18238961";"24134366";" 5335910"
"475";"A043590";"2000MM01";"   33358";"   32537";"   16229";"   16308";" 2490645";" 1243881";" 1246764";" 1582157";"  349329"
"476";"A043590";"2000MM02";"   32989";"   31894";"   15951";"   15943";" 2561520";" 1251605";" 1309915";" 1675373";"  328231"
"477";"A043590";"2000MM03";"   35420";"   34263";"   17127";"   17136";" 3067554";" 1557499";" 1510055";" 2017959";"  432298"
"478";"A043590";"2000KW01";"  101767";"   98694";"   49307";"   49387";" 8119719";" 4052985";" 4066734";" 5275489";" 1109858"
"479";"A043590";"2000MM04";"   35030";"   33815";"   16906";"   16909";" 3226951";" 1582875";" 1644076";" 2142676";"  462896"
"480";"A043590";"2000MM05";"   37911";"   36539";"   18276";"   18263";" 3546493";" 1768981";" 1777512";" 2441992";"  516326"
"481";"A043590";"2000MM06";"   36727";"   35206";"   17603";"   17603";" 3492787";" 1748085";" 1744702";" 2373124";"  545320"
"482";"A043590";"2000KW02";"  109668";"  105560";"   52785";"   52775";"10266231";" 5099941";" 5166290";" 6957792";" 1524542"
"483";"A043590";"2000MM07";"   38287";"   37108";"   18553";"   18555";" 3952263";" 1856012";" 2096251";" 2674616";"  575286"
"484";"A043590";"2000MM08";"   38300";"   37258";"   18626";"   18632";" 3932072";" 2060959";" 1871113";" 2648907";"  562749"
"485";"A043590";"2000MM09";"   36788";"   35496";"   17752";"   17744";" 3720284";" 1857698";" 1862586";" 2533364";"  527122"
"486";"A043590";"2000KW03";"  113375";"  109862";"   54931";"   54931";"11604619";" 5774669";" 5829950";" 7856887";" 1665157"
"487";"A043590";"2000MM10";"   37315";"   36170";"   18087";"   18083";" 3651555";" 1857661";" 1793894";" 2475461";"  495824"
"488";"A043590";"2000MM11";"   34018";"   32902";"   16455";"   16447";" 2914972";" 1467988";" 1446984";" 1901315";"  398413"
"489";"A043590";"2000MM12";"   32546";"   31739";"   15874";"   15865";" 2713514";" 1326896";" 1386618";" 1731137";"  373751"
"490";"A043590";"2000KW04";"  103879";"  100811";"   50416";"   50395";" 9280041";" 4652545";" 4627496";" 6107913";" 1267988"
"491";"A043590";"2000JJ00";"  428689";"  414927";"  207439";"  207488";"39270610";"19580140";"19690470";"26198081";" 5567545"
"492";"A043590";"2001MM01";"   33669";"   32835";"   16416";"   16419";" 2703997";" 1372944";" 1331053";" 1706476";"  360595"
"493";"A043590";"2001MM02";"   31384";"   30436";"   15219";"   15217";" 2591373";" 1267878";" 1323495";" 1698103";"  315078"
"494";"A043590";"2001MM03";"   35662";"   34529";"   17261";"   17268";" 3163748";" 1606317";" 1557431";" 2078101";"  424649"
"495";"A043590";"2001KW01";"  100715";"   97800";"   48896";"   48904";" 8459118";" 4247139";" 4211979";" 5482680";" 1100322"
"496";"A043590";"2001MM04";"   35132";"   34151";"   17081";"   17070";" 3355137";" 1653479";" 1701658";" 2243954";"  472190"
"497";"A043590";"2001MM05";"   38467";"   37255";"   18622";"   18633";" 3613702";" 1802284";" 1811418";" 2516386";"  498546"
"498";"A043590";"2001MM06";"   37382";"   36209";"   18100";"   18109";" 3686773";" 1840121";" 1846652";" 2519289";"  532896"
"499";"A043590";"2001KW02";"  110981";"  107615";"   53803";"   53812";"10655612";" 5295884";" 5359728";" 7279629";" 1503632"
"500";"A043590";"2001MM07";"   39373";"   38386";"   19193";"   19193";" 4098716";" 1931531";" 2167185";" 2804259";"  531701"
"501";"A043590";"2001MM08";"   39329";"   38451";"   19223";"   19228";" 4063517";" 2133641";" 1929876";" 2749663";"  535342"
"502";"A043590";"2001MM09";"   37418";"   36432";"   18219";"   18213";" 3551489";" 1776240";" 1775249";" 2494721";"  402137"
"503";"A043590";"2001KW03";"  116120";"  113269";"   56635";"   56634";"11713722";" 5841412";" 5872310";" 8048643";" 1469180"
"504";"A043590";"2001MM10";"   37554";"   36486";"   18244";"   18242";" 3226663";" 1643771";" 1582892";" 2290737";"  334381"
"505";"A043590";"2001MM11";"   32090";"   31059";"   15532";"   15527";" 2656842";" 1334350";" 1322492";" 1831133";"  291684"
"506";"A043590";"2001MM12";"   31022";"   30227";"   15114";"   15113";" 2597484";" 1266484";" 1331000";" 1710139";"  314131"
"507";"A043590";"2001KW04";"  100666";"   97772";"   48890";"   48882";" 8480989";" 4244605";" 4236384";" 5832009";"  940196"
"508";"A043590";"2001JJ00";"  428482";"  416456";"  208224";"  208232";"39309441";"19629040";"19680401";"26642961";" 5013330"
"509";"A043590";"2002MM01";"   31655";"   30835";"   15409";"   15426";" 2572399";" 1304963";" 1267436";" 1658347";"  309836"
"510";"A043590";"2002MM02";"   29298";"   28453";"   14229";"   14224";" 2596631";" 1278061";" 1318570";" 1755008";"  279642"
"511";"A043590";"2002MM03";"   33488";"   32365";"   16175";"   16190";" 3165225";" 1592617";" 1572608";" 2127732";"  381771"
"512";"A043590";"2002KW01";"   94441";"   91653";"   45813";"   45840";" 8334255";" 4175641";" 4158614";" 5541087";"  971249"
"513";"A043590";"2002MM04";"   34175";"   33107";"   16558";"   16549";" 3303145";" 1601630";" 1701515";" 2312401";"  380914"
"514";"A043590";"2002MM05";"   36835";"   35599";"   17795";"   17804";" 3698247";" 1874934";" 1823313";" 2658970";"  440105"
"515";"A043590";"2002MM06";"   35744";"   34519";"   17257";"   17262";" 3668631";" 1808523";" 1860108";" 2561913";"  482385"
"516";"A043590";"2002KW02";"  106754";"  103225";"   51610";"   51615";"10670023";" 5285087";" 5384936";" 7533284";" 1303404"
"517";"A043590";"2002MM07";"   38056";"   36973";"   18489";"   18484";" 4130433";" 1965535";" 2164898";" 2897866";"  496550"
"518";"A043590";"2002MM08";"   37560";"   36840";"   18419";"   18421";" 4131400";" 2161757";" 1969643";" 2863699";"  506747"
"519";"A043590";"2002MM09";"   36214";"   35111";"   17560";"   17551";" 3864358";" 1922853";" 1941505";" 2717046";"  465062"
"520";"A043590";"2002KW03";"  111830";"  108924";"   54468";"   54456";"12126191";" 6050145";" 6076046";" 8478611";" 1468359"
"521";"A043590";"2002MM10";"   36788";"   35663";"   17830";"   17833";" 3721110";" 1890032";" 1831078";" 2599838";"  448017"
"522";"A043590";"2002MM11";"   32685";"   31670";"   15836";"   15834";" 2892532";" 1455318";" 1437214";" 1932027";"  361689"
"523";"A043590";"2002MM12";"   31046";"   30250";"   15136";"   15114";" 2843451";" 1385381";" 1458070";" 1836464";"  381431"
"524";"A043590";"2002KW04";"  100519";"   97583";"   48802";"   48781";" 9457093";" 4730731";" 4726362";" 6368329";" 1191137"
"525";"A043590";"2002JJ00";"  413544";"  401385";"  200693";"  200692";"40587562";"20241604";"20345958";"27921311";" 4934149"
"526";"A043590";"2003MM01";"   31342";"   30549";"   15257";"   15292";" 2747502";" 1394786";" 1352716";" 1754994";"  352839"
"527";"A043590";"2003MM02";"   29540";"   28780";"   14392";"   14388";" 2668775";" 1310574";" 1358201";" 1794268";"  297485"
"528";"A043590";"2003MM03";"   33536";"   32562";"   16288";"   16274";" 3018602";" 1535286";" 1483316";" 2071769";"  363114"
"529";"A043590";"2003KW01";"   94418";"   91891";"   45937";"   45954";" 8434879";" 4240646";" 4194233";" 5621031";" 1013438"
"530";"A043590";"2003MM04";"   32563";"   31560";"   15786";"   15774";" 3013392";" 1455492";" 1557900";" 2156829";"  343541"
"531";"A043590";"2003MM05";"   34976";"   33896";"   16928";"   16968";" 3393657";" 1704497";" 1689160";" 2490478";"  399423"
"532";"A043590";"2003MM06";"   34593";"   33511";"   16765";"   16746";" 3544233";" 1745817";" 1798416";" 2548756";"  441600"
"533";"A043590";"2003KW02";"  102132";"   98967";"   49479";"   49488";" 9951282";" 4905806";" 5045476";" 7196063";" 1184564"
"534";"A043590";"2003MM07";"   36914";"   36036";"   18012";"   18024";" 4075832";" 1933355";" 2142477";" 2886991";"  472350"
"535";"A043590";"2003MM08";"   36528";"   35722";"   17863";"   17859";" 4032923";" 2130647";" 1902276";" 2797706";"  474121"
"536";"A043590";"2003MM09";"   35593";"   34508";"   17253";"   17255";" 3734509";" 1852305";" 1882204";" 2628432";"  439311"
"537";"A043590";"2003KW03";"  109035";"  106266";"   53128";"   53138";"11843264";" 5916307";" 5926957";" 8313129";" 1385782"
"538";"A043590";"2003MM10";"   36245";"   35108";"   17551";"   17557";" 3761285";" 1908245";" 1853040";" 2631320";"  424828"
"539";"A043590";"2003MM11";"   32034";"   31054";"   15531";"   15523";" 2970090";" 1489005";" 1481085";" 1980956";"  352230"
"540";"A043590";"2003MM12";"   30512";"   29710";"   14886";"   14824";" 2847849";" 1389921";" 1457928";" 1835351";"  356309"
"541";"A043590";"2003KW04";"   98791";"   95872";"   47968";"   47904";" 9579224";" 4787171";" 4792053";" 6447627";" 1133367"
"542";"A043590";"2003JJ00";"  404376";"  392996";"  196512";"  196484";"39808649";"19849930";"19958719";"27577850";" 4717151"
"543";"A043590";"2004MM01";"   30477";"   29762";"   14849";"   14913";" 2741680";" 1386421";" 1355259";" 1712817";"  339284"
"544";"A043590";"2004MM02";"   30155";"   29361";"   14681";"   14680";" 2830639";" 1394302";" 1436337";" 1871583";"  304170"
"545";"A043590";"2004MM03";"   33791";"   32726";"   16366";"   16360";" 3257673";" 1656357";" 1601316";" 2172871";"  391921"
"546";"A043590";"2004KW01";"   94423";"   91849";"   45896";"   45953";" 8829992";" 4437080";" 4392912";" 5757271";" 1035375"
"547";"A043590";"2004MM04";"   33695";"   32678";"   16335";"   16343";" 3480085";" 1693564";" 1786521";" 2380283";"  431104"
"548";"A043590";"2004MM05";"   36903";"   35697";"   17851";"   17846";" 3843271";" 1932881";" 1910390";" 2729841";"  467876"
"549";"A043590";"2004MM06";"   36061";"   34865";"   17426";"   17439";" 3796961";" 1893565";" 1903396";" 2662991";"  485477"
"550";"A043590";"2004KW02";"  106659";"  103240";"   51612";"   51628";"11120317";" 5520010";" 5600307";" 7773115";" 1384457"
"551";"A043590";"2004MM07";"   37832";"   36912";"   18449";"   18463";" 4337767";" 2033995";" 2303772";" 3039462";"  508639"
"552";"A043590";"2004MM08";"   37520";"   36696";"   18353";"   18343";" 4243630";" 2223513";" 2020117";" 2935092";"  505707"
"553";"A043590";"2004MM09";"   36625";"   35330";"   17671";"   17659";" 3927202";" 1954521";" 1972681";" 2731010";"  471966"
"554";"A043590";"2004KW03";"  111977";"  108938";"   54473";"   54465";"12508599";" 6212029";" 6296570";" 8705564";" 1486312"
"555";"A043590";"2004MM10";"   37678";"   36481";"   18242";"   18239";" 3915296";" 1979928";" 1935368";" 2714635";"  452577"
"556";"A043590";"2004MM11";"   32627";"   31646";"   15828";"   15818";" 3087396";" 1545102";" 1542294";" 2017426";"  381602"
"557";"A043590";"2004MM12";"   31534";"   30584";"   15319";"   15265";" 2963792";" 1445136";" 1518656";" 1866050";"  398678"
"558";"A043590";"2004KW04";"  101839";"   98711";"   49389";"   49322";" 9966484";" 4970166";" 4996318";" 6598111";" 1232857"
"559";"A043590";"2004JJ00";"  414898";"  402738";"  201370";"  201368";"42425392";"21139285";"21286107";"28834061";" 5139001"
"560";"A043590";"2005MM01";"   31259";"   30353";"   15147";"   15206";" 2955792";" 1488217";" 1467575";" 1826971";"  379849"
"561";"A043590";"2005MM02";"   29473";"   28579";"   14289";"   14290";" 2829925";" 1407350";" 1422575";" 1829433";"  329740"
"562";"A043590";"2005MM03";"   32777";"   31827";"   15912";"   15915";" 3281195";" 1646577";" 1634618";" 2137360";"  422085"
"563";"A043590";"2005KW01";"   93509";"   90759";"   45348";"   45411";" 9066912";" 4542144";" 4524768";" 5793764";" 1131674"
"564";"A043590";"2005MM04";"   34906";"   33739";"   16862";"   16877";" 3548011";" 1735488";" 1812523";" 2388567";"  452401"
"565";"A043590";"2005MM05";"   37799";"   36673";"   18344";"   18329";" 4059648";" 2027863";" 2031785";" 2867159";"  501468"
"566";"A043590";"2005MM06";"   36606";"   35239";"   17622";"   17617";" 3941175";" 1952478";" 1988697";" 2724670";"  519154"
"567";"A043590";"2005KW02";"  109311";"  105651";"   52828";"   52823";"11548834";" 5715829";" 5833005";" 7980396";" 1473023"
"568";"A043590";"2005MM07";"   38212";"   37256";"   18620";"   18636";" 4528594";" 2122109";" 2406485";" 3134037";"  552955"
"569";"A043590";"2005MM08";"   38182";"   37282";"   18647";"   18635";" 4433151";" 2319924";" 2113227";" 3050034";"  538359"
"570";"A043590";"2005MM09";"   36881";"   35712";"   17861";"   17851";" 4145737";" 2069173";" 2076564";" 2875493";"  505014"
"571";"A043590";"2005KW03";"  113275";"  110250";"   55128";"   55122";"13107482";" 6511206";" 6596276";" 9059564";" 1596328"
"572";"A043590";"2005MM10";"   37503";"   36321";"   18166";"   18155";" 4077132";" 2064136";" 2012996";" 2848214";"  461448"
"573";"A043590";"2005MM11";"   32582";"   31482";"   15736";"   15746";" 3198519";" 1594271";" 1604248";" 2097811";"  378350"
"574";"A043590";"2005MM12";"   31084";"   30131";"   15089";"   15042";" 3078660";" 1499625";" 1579035";" 1966719";"  383406"
"575";"A043590";"2005KW04";"  101169";"   97934";"   48991";"   48943";"10354311";" 5158032";" 5196279";" 6912744";" 1223204"
"576";"A043590";"2005JJ00";"  417264";"  404594";"  202295";"  202299";"44077539";"21927211";"22150328";"29746468";" 5424229"
"577";"A043590";"2006MM01";"   31271";"   30299";"   15130";"   15169";" 3028207";" 1529682";" 1498525";" 1887313";"  371176"
"578";"A043590";"2006MM02";"   29164";"   28403";"   14201";"   14202";" 2858444";" 1408888";" 1449556";" 1864229";"  305549"
"579";"A043590";"2006MM03";"   34129";"   33044";"   16522";"   16522";" 3399315";" 1715453";" 1683862";" 2226476";"  413688"
"580";"A043590";"2006KW01";"   94564";"   91746";"   45853";"   45893";" 9285966";" 4654023";" 4631943";" 5978018";" 1090413"
"581";"A043590";"2006MM04";"   35799";"   34698";"   17345";"   17353";" 3808994";" 1861980";" 1947014";" 2588631";"  456343"
"582";"A043590";"2006MM05";"   39444";"   38146";"   19075";"   19071";" 4176097";" 2091783";" 2084314";" 2962123";"  494110"
"583";"A043590";"2006MM06";"   38852";"   37526";"   18761";"   18765";" 4228327";" 2110234";" 2118093";" 2965843";"  514221"
"584";"A043590";"2006KW02";"  114095";"  110370";"   55181";"   55189";"12213418";" 6063997";" 6149421";" 8516597";" 1464674"
"585";"A043590";"2006MM07";"   40336";"   39290";"   19649";"   19641";" 4744439";" 2219591";" 2524848";" 3331417";"  535846"
"586";"A043590";"2006MM08";"   40077";"   39036";"   19516";"   19520";" 4608170";" 2417135";" 2191035";" 3198583";"  524341"
"587";"A043590";"2006MM09";"   38804";"   37521";"   18760";"   18761";" 4295374";" 2151366";" 2144008";" 3002208";"  496520"
"588";"A043590";"2006KW03";"  119217";"  115847";"   57925";"   57922";"13647983";" 6788092";" 6859891";" 9532208";" 1556707"
"589";"A043590";"2006MM10";"   39598";"   38413";"   19212";"   19201";" 4201473";" 2118890";" 2082583";" 2921557";"  472517"
"590";"A043590";"2006MM11";"   35503";"   34346";"   17187";"   17159";" 3353275";" 1683436";" 1669839";" 2229054";"  377671"
"591";"A043590";"2006MM12";"   33289";"   32400";"   16216";"   16184";" 3286851";" 1598572";" 1688279";" 2109827";"  398913"
"592";"A043590";"2006KW04";"  108390";"  105159";"   52615";"   52544";"10841599";" 5400898";" 5440701";" 7260438";" 1249101"
"593";"A043590";"2006JJ00";"  436266";"  423122";"  211574";"  211548";"45988966";"22907010";"23081956";"31287261";" 5360895"
"594";"A043590";"2007MM01";"   33704";"   32686";"   16326";"   16360";" 3169889";" 1615134";" 1554755";" 1993371";"  373849"
"595";"A043590";"2007MM02";"   31910";"   30915";"   15458";"   15457";" 3051720";" 1504093";" 1547627";" 2014433";"  312404"
"596";"A043590";"2007MM03";"   36626";"   35459";"   17730";"   17729";" 3695426";" 1874996";" 1820430";" 2465479";"  421201"
"597";"A043590";"2007KW01";"  102240";"   99060";"   49514";"   49546";" 9917035";" 4994223";" 4922812";" 6473283";" 1107454"
"598";"A043590";"2007MM04";"   37247";"   36079";"   18042";"   18037";" 3905501";" 1914054";" 1991447";" 2685778";"  458489"
"599";"A043590";"2007MM05";"   40732";"   39509";"   19749";"   19760";" 4296458";" 2160655";" 2135803";" 3050454";"  509286"
"600";"A043590";"2007MM06";"   39390";"   38054";"   19025";"   19029";" 4246247";" 2114293";" 2131954";" 2960451";"  520445"
"601";"A043590";"2007KW02";"  117369";"  113642";"   56816";"   56826";"12448206";" 6189002";" 6259204";" 8696683";" 1488220"
"602";"A043590";"2007MM07";"   41739";"   40464";"   20230";"   20234";" 4921849";" 2307792";" 2614057";" 3459722";"  560612"
"603";"A043590";"2007MM08";"   41107";"   40136";"   20070";"   20066";" 4821446";" 2543312";" 2278134";" 3350716";"  560496"
"604";"A043590";"2007MM09";"   39108";"   37832";"   18911";"   18921";" 4425064";" 2211075";" 2213989";" 3086664";"  528943"
"605";"A043590";"2007KW03";"  121954";"  118432";"   59211";"   59221";"14168359";" 7062179";" 7106180";" 9897102";" 1650051"
"606";"A043590";"2007MM10";"   39998";"   38653";"   19331";"   19322";" 4379099";" 2213959";" 2165140";" 3027094";"  508803"
"607";"A043590";"2007MM11";"   35070";"   33886";"   16945";"   16941";" 3472889";" 1745839";" 1727050";" 2288084";"  411779"
"608";"A043590";"2007MM12";"   33240";"   32299";"   16170";"   16129";" 3359160";" 1644613";" 1714547";" 2134644";"  433611"
"609";"A043590";"2007KW04";"  108308";"  104838";"   52446";"   52392";"11211148";" 5604411";" 5606737";" 7449822";" 1354193"
"610";"A043590";"2007JJ00";"  449871";"  435972";"  217987";"  217985";"47744748";"23849815";"23894933";"32516890";" 5599918"
"611";"A043590";"2008MM01";"   33619";"   32519";"   16224";"   16295";" 3200944";" 1625090";" 1575854";" 2002811";"  391454"
"612";"A043590";"2008MM02";"   32255";"   31213";"   15608";"   15605";" 3153170";" 1559515";" 1593655";" 2070274";"  338428"
"613";"A043590";"2008MM03";"   35444";"   34207";"   17099";"   17108";" 3741498";" 1891982";" 1849516";" 2458467";"  444650"
"614";"A043590";"2008KW01";"  101318";"   97939";"   48931";"   49008";"10095612";" 5076587";" 5019025";" 6531552";" 1174532"
"615";"A043590";"2008MM04";"   37413";"   36218";"   18105";"   18113";" 3918719";" 1878915";" 2039804";" 2647271";"  477488"
"616";"A043590";"2008MM05";"   40482";"   39172";"   19583";"   19589";" 4403449";" 2260285";" 2143164";" 3063829";"  554222"
"617";"A043590";"2008MM06";"   39731";"   38202";"   19103";"   19099";" 4400407";" 2163721";" 2236686";" 3029210";"  571774"
"618";"A043590";"2008KW02";"  117626";"  113592";"   56791";"   56801";"12722575";" 6302921";" 6419654";" 8740310";" 1603484"
"619";"A043590";"2008MM07";"   40917";"   39759";"   19869";"   19890";" 4847473";" 2321201";" 2526272";" 3328794";"  600306"
"620";"A043590";"2008MM08";"   40059";"   39114";"   19554";"   19560";" 4716136";" 2490123";" 2226013";" 3197701";"  604419"
"621";"A043590";"2008MM09";"   38727";"   37471";"   18742";"   18729";" 4297440";" 2151099";" 2146341";" 2957380";"  554108"
"622";"A043590";"2008KW03";"  119703";"  116344";"   58165";"   58179";"13861049";" 6962423";" 6898626";" 9483875";" 1758833"
"623";"A043590";"2008MM10";"   39201";"   38090";"   19045";"   19045";" 4272253";" 2159699";" 2112554";" 2886507";"  530774"
"624";"A043590";"2008MM11";"   32913";"   32029";"   16014";"   16015";" 3271834";" 1648293";" 1623541";" 2109255";"  393225"
"625";"A043590";"2008MM12";"   31104";"   30338";"   15191";"   15147";" 3168388";" 1553743";" 1614645";" 1973801";"  421975"
"626";"A043590";"2008KW04";"  103218";"  100457";"   50250";"   50207";"10712475";" 5361735";" 5350740";" 6969563";" 1345974"
"627";"A043590";"2008JJ00";"  441865";"  428332";"  214137";"  214195";"47391711";"23703666";"23688045";"31725300";" 5882823"
"628";"A043590";"2009MM01";"   30635";"   29843";"   14886";"   14957";" 2911748";" 1484402";" 1427346";" 1770284";"  369811"
"629";"A043590";"2009MM02";"   28408";"   27555";"   13775";"   13780";" 2720999";" 1349352";" 1371647";" 1761430";"  283725"
"630";"A043590";"2009MM03";"   32379";"   31503";"   15757";"   15746";" 3199918";" 1623572";" 1576346";" 2085984";"  372212"
"631";"A043590";"2009KW01";"   91422";"   88901";"   44418";"   44483";" 8832665";" 4457326";" 4375339";" 5617698";" 1025748"
"632";"A043590";"2009MM04";"   34185";"   33256";"   16629";"   16627";" 3672623";" 1788469";" 1884154";" 2463559";"  445827"
"633";"A043590";"2009MM05";"   36295";"   35264";"   17631";"   17633";" 3892013";" 1982098";" 1909915";" 2705907";"  483044"
"634";"A043590";"2009MM06";"   35406";"   34308";"   17152";"   17156";" 3850845";" 1934577";" 1916268";" 2639673";"  499957"
"635";"A043590";"2009KW02";"  105886";"  102828";"   51412";"   51416";"11415481";" 5705144";" 5710337";" 7809139";" 1428828"
"636";"A043590";"2009MM07";"   37616";"   36666";"   18323";"   18343";" 4532467";" 2130115";" 2402352";" 3109369";"  530073"
"637";"A043590";"2009MM08";"   37121";"   36372";"   18193";"   18179";" 4484739";" 2381512";" 2103227";" 3037777";"  535393"
"638";"A043590";"2009MM09";"   35147";"   34184";"   17091";"   17093";" 4014972";" 2017934";" 1997038";" 2752356";"  481862"
"639";"A043590";"2009KW03";"  109884";"  107222";"   53607";"   53615";"13032178";" 6529561";" 6502617";" 8899502";" 1547328"
"640";"A043590";"2009MM10";"   35291";"   34315";"   17151";"   17164";" 3983758";" 2012119";" 1971639";" 2677612";"  463492"
"641";"A043590";"2009MM11";"   30709";"   29820";"   14922";"   14898";" 3158459";" 1593790";" 1564669";" 2049798";"  354377"
"642";"A043590";"2009MM12";"   28934";"   28179";"   14114";"   14065";" 3100569";" 1528222";" 1572347";" 1936722";"  383384"
"643";"A043590";"2009KW04";"   94934";"   92314";"   46187";"   46127";"10242786";" 5134131";" 5108655";" 6664132";" 1201253"
"644";"A043590";"2009JJ00";"  402126";"  391265";"  195624";"  195641";"43523110";"21826162";"21696948";"28990471";" 5203157"
"645";"A043590";"2010MM01";"   29186";"   28470";"   14207";"   14263";" 2935404";" 1489035";" 1446369";" 1784929";"  348767"
"646";"A043590";"2010MM02";"   27839";"   27102";"   13550";"   13552";" 2855719";" 1416049";" 1439670";" 1847977";"  286262"
"647";"A043590";"2010MM03";"   32397";"   31373";"   15688";"   15685";" 3465611";" 1762140";" 1703471";" 2249379";"  386175"
"648";"A043590";"2010KW01";"   89422";"   86945";"   43445";"   43500";" 9256734";" 4667224";" 4589510";" 5882285";" 1021204"
"649";"A043590";"2010MM04";"   27514";"   26687";"   13333";"   13354";" 3006985";" 1472647";" 1534338";" 1950351";"  370691"
"650";"A043590";"2010MM05";"   35594";"   34623";"   17314";"   17309";" 4095110";" 2068682";" 2026428";" 2805648";"  488555"
"651";"A043590";"2010MM06";"   35506";"   34346";"   17178";"   17168";" 4104793";" 2058823";" 2045970";" 2748330";"  528117"
"652";"A043590";"2010KW02";"   98614";"   95656";"   47825";"   47831";"11206888";" 5600152";" 5606736";" 7504329";" 1387363"
"653";"A043590";"2010MM07";"   38009";"   37036";"   18505";"   18531";" 4730788";" 2235501";" 2495287";" 3179518";"  561555"
"654";"A043590";"2010MM08";"   37601";"   36728";"   18370";"   18358";" 4642726";" 2468269";" 2174457";" 3120870";"  558618"
"655";"A043590";"2010MM09";"   35697";"   34583";"   17292";"   17291";" 4246919";" 2129844";" 2117075";" 2879591";"  504155"
"656";"A043590";"2010KW03";"  111307";"  108347";"   54167";"   54180";"13620433";" 6833614";" 6786819";" 9179979";" 1624328"
"657";"A043590";"2010MM10";"   36530";"   35453";"   17727";"   17726";" 4308032";" 2179048";" 2128984";" 2905747";"  489656"
"658";"A043590";"2010MM11";"   32321";"   31417";"   15715";"   15702";" 3508154";" 1777568";" 1730586";" 2293615";"  380958"
"659";"A043590";"2010MM12";"   29220";"   28498";"   14262";"   14236";" 3236641";" 1602991";" 1633650";" 2006306";"  393385"
"660";"A043590";"2010KW04";"   98071";"   95368";"   47704";"   47664";"11052827";" 5559607";" 5493220";" 7205668";" 1263999"
"661";"A043590";"2010JJ00";"  397414";"  386316";"  193141";"  193175";"45136882";"22660597";"22476285";"29772261";" 5296894"
"662";"A043590";"2011MM01";"   31233";"   30363";"   15163";"   15200";" 3257275";" 1658258";" 1599017";" 2016202";"  360011"
"663";"A043590";"2011MM02";"   28891";"   28048";"   14027";"   14021";" 3045631";" 1511230";" 1534401";" 2013665";"  288556"
"664";"A043590";"2011MM03";"   33910";"   32878";"   16439";"   16439";" 3657692";" 1862668";" 1795024";" 2454087";"  386726"
"665";"A043590";"2011KW01";"   94034";"   91289";"   45629";"   45660";" 9960598";" 5032156";" 4928442";" 6483954";" 1035293"
"666";"A043590";"2011MM04";"   36349";"   35292";"   17639";"   17653";" 4125747";" 2035770";" 2089977";" 2828147";"  456210"
"667";"A043590";"2011MM05";"   39153";"   38013";"   19010";"   19003";" 4472507";" 2264713";" 2207794";" 3164177";"  502854"
"668";"A043590";"2011MM06";"   38061";"   36920";"   18457";"   18463";" 4513455";" 2266956";" 2246499";" 3143255";"  546184"
"669";"A043590";"2011KW02";"  113563";"  110225";"   55106";"   55119";"13111709";" 6567439";" 6544270";" 9135579";" 1505248"
"670";"A043590";"2011MM07";"   40488";"   39555";"   19772";"   19783";" 5150896";" 2449989";" 2700907";" 3570199";"  586694"
"671";"A043590";"2011MM08";"   40566";"   39631";"   19818";"   19813";" 5057815";" 2648185";" 2409630";" 3491964";"  580401"
"672";"A043590";"2011MM09";"   38768";"   37597";"   18792";"   18805";" 4681742";" 2361577";" 2320165";" 3257385";"  533424"
"673";"A043590";"2011KW03";"  119822";"  116783";"   58382";"   58401";"14890453";" 7459751";" 7430702";"10319548";" 1700519"
"674";"A043590";"2011MM10";"   39074";"   38066";"   19040";"   19026";" 4603682";" 2326155";" 2277527";" 3183023";"  507032"
"675";"A043590";"2011MM11";"   33204";"   32324";"   16163";"   16161";" 3580181";" 1806670";" 1773511";" 2399397";"  364080"
"676";"A043590";"2011MM12";"   32424";"   31558";"   15796";"   15762";" 3534002";" 1725807";" 1808195";" 2303809";"  378635"
"677";"A043590";"2011KW04";"  104702";"  101948";"   50999";"   50949";"11717865";" 5858632";" 5859233";" 7886229";" 1249747"
"678";"A043590";"2011JJ00";"  432121";"  420245";"  210116";"  210129";"49680625";"24917978";"24762647";"33825310";" 5490807"
"679";"A043590";"2012MM01";"   31911";"   31134";"   15555";"   15579";" 3422762";" 1747950";" 1674812";" 2195330";"  352218"
"680";"A043590";"2012MM02";"   30805";"   30069";"   15035";"   15034";" 3295209";" 1619746";" 1675463";" 2177863";"  307976"
"681";"A043590";"2012MM03";"   34921";"   33871";"   16923";"   16948";" 3868093";" 1973751";" 1894342";" 2589361";"  395584"
"682";"A043590";"2012KW01";"   97637";"   95074";"   47513";"   47561";"10586064";" 5341447";" 5244617";" 6962554";" 1055778"
"683";"A043590";"2012MM04";"   36291";"   35348";"   17682";"   17666";" 4189245";" 2061795";" 2127450";" 2875204";"  448685"
"684";"A043590";"2012MM05";"   39221";"   38118";"   19060";"   19058";" 4544332";" 2285340";" 2258992";" 3199268";"  507108"
"685";"A043590";"2012MM06";"   38460";"   37449";"   18719";"   18730";" 4612845";" 2304960";" 2307885";" 3193777";"  560976"
"686";"A043590";"2012KW02";"  113972";"  110915";"   55461";"   55454";"13346422";" 6652095";" 6694327";" 9268249";" 1516769"
"687";"A043590";"2012MM07";"   40898";"   40012";"   20005";"   20007";" 5221595";" 2465269";" 2756326";" 3616378";"  595999"
"688";"A043590";"2012MM08";"   40602";"   39849";"   19921";"   19928";" 5137505";" 2687277";" 2450228";" 3513351";"  602428"
"689";"A043590";"2012MM09";"   38523";"   37488";"   18757";"   18731";" 4760439";" 2397080";" 2363359";" 3301087";"  543005"
"690";"A043590";"2012KW03";"  120023";"  117349";"   58683";"   58666";"15119539";" 7549626";" 7569913";"10430816";" 1741432"
"691";"A043590";"2012MM10";"   38645";"   37782";"   18895";"   18887";" 4643697";" 2347644";" 2296053";" 3210326";"  495683"
"692";"A043590";"2012MM11";"   32956";"   32064";"   16029";"   16035";" 3692267";" 1860056";" 1832211";" 2475265";"  362548"
"693";"A043590";"2012MM12";"   30891";"   30221";"   15130";"   15091";" 3587603";" 1753514";" 1834089";" 2300056";"  382972"
"694";"A043590";"2012KW04";"  102492";"  100067";"   50054";"   50013";"11923567";" 5961214";" 5962353";" 7985647";" 1241203"
"695";"A043590";"2012JJ00";"  434124";"  423405";"  211711";"  211694";"50975592";"25504382";"25471210";"34647266";" 5555182"
"696";"A043590";"2013MM01";"   30705";"   29949";"   14953";"   14996";" 3386231";" 1718718";" 1667513";" 2116044";"  354728"
"697";"A043590";"2013MM02";"   29469";"   28706";"   14356";"   14350";" 3265809";" 1619700";" 1646109";" 2150859";"  296501"
"698";"A043590";"2013MM03";"   33873";"   32989";"   16489";"   16500";" 3968009";" 2004006";" 1964003";" 2632427";"  401860"
"699";"A043590";"2013KW01";"   94047";"   91644";"   45798";"   45846";"10620049";" 5342424";" 5277625";" 6899330";" 1053089"
"700";"A043590";"2013MM04";"   36889";"   35990";"   17998";"   17992";" 4332719";" 2124194";" 2208525";" 2967311";"  468365"
"701";"A043590";"2013MM05";"   40101";"   39002";"   19494";"   19508";" 4864335";" 2457244";" 2407091";" 3431310";"  545695"
"702";"A043590";"2013MM06";"   38857";"   37816";"   18912";"   18904";" 4855577";" 2420261";" 2435316";" 3336400";"  595426"
"703";"A043590";"2013KW02";"  115847";"  112808";"   56404";"   56404";"14052631";" 7001699";" 7050932";" 9735021";" 1609486"
"704";"A043590";"2013MM07";"   41018";"   40125";"   20056";"   20069";" 5322568";" 2519776";" 2802792";" 3674591";"  619607"
"705";"A043590";"2013MM08";"   40786";"   40004";"   20000";"   20004";" 5333474";" 2785074";" 2548400";" 3631055";"  641256"
"706";"A043590";"2013MM09";"   39355";"   38274";"   19148";"   19126";" 4897174";" 2462704";" 2434470";" 3409623";"  560859"
"707";"A043590";"2013KW03";"  121159";"  118403";"   59204";"   59199";"15553216";" 7767554";" 7785662";"10715269";" 1821722"
"708";"A043590";"2013MM10";"   39234";"   38308";"   19153";"   19155";" 4745696";" 2389293";" 2356403";" 3304504";"  510374"
"709";"A043590";"2013MM11";"   33461";"   32622";"   16315";"   16307";" 3772625";" 1900072";" 1872553";" 2552602";"  366656"
"710";"A043590";"2013MM12";"   32455";"   31780";"   15919";"   15861";" 3783482";" 1856353";" 1927129";" 2464710";"  401980"
"711";"A043590";"2013KW04";"  105150";"  102710";"   51387";"   51323";"12301803";" 6145718";" 6156085";" 8321816";" 1279010"
"712";"A043590";"2013JJ00";"  436203";"  425565";"  212793";"  212772";"52527699";"26257395";"26270304";"35671436";" 5763307"
"713";"A043590";"2014MM01";"   32093";"   31392";"   15670";"   15722";" 3616552";" 1827701";" 1788851";" 2301528";"  363828"
"714";"A043590";"2014MM02";"   30200";"   29450";"   14721";"   14729";" 3435592";" 1696356";" 1739236";" 2289187";"  302449"
"715";"A043590";"2014MM03";"   35021";"   34033";"   17024";"   17009";" 4076472";" 2066733";" 2009739";" 2744289";"  392758"
"716";"A043590";"2014KW01";"   97314";"   94875";"   47415";"   47460";"11128616";" 5590790";" 5537826";" 7335004";" 1059035"
"717";"A043590";"2014MM04";"   37505";"   36630";"   18312";"   18318";" 4560642";" 2226261";" 2334381";" 3168885";"  455864"
"718";"A043590";"2014MM05";"   40531";"   39493";"   19738";"   19755";" 4987951";" 2516085";" 2471866";" 3537385";"  541965"
"719";"A043590";"2014MM06";"   39885";"   38789";"   19401";"   19388";" 5032637";" 2539668";" 2492969";" 3539691";"  578705"
"720";"A043590";"2014KW02";"  117921";"  114912";"   57451";"   57461";"14581230";" 7282014";" 7299216";"10245961";" 1576534"
"721";"A043590";"2014MM07";"   42105";"   41227";"   20607";"   20620";" 5455674";" 2558772";" 2896902";" 3853130";"  585785"
"722";"A043590";"2014MM08";"   42259";"   41427";"   20715";"   20712";" 5618436";" 2934411";" 2684025";" 3902345";"  617576"
"723";"A043590";"2014MM09";"   40680";"   39685";"   19849";"   19836";" 5185505";" 2600130";" 2585375";" 3650216";"  578497"
"724";"A043590";"2014KW03";"  125044";"  122339";"   61171";"   61168";"16259615";" 8093313";" 8166302";"11405691";" 1781858"
"725";"A043590";"2014MM10";"   40786";"   39756";"   19878";"   19878";" 5023568";" 2535869";" 2487699";" 3546449";"  526499"
"726";"A043590";"2014MM11";"   34397";"   33554";"   16787";"   16767";" 3972843";" 1995290";" 1977553";" 2719549";"  384072"
"727";"A043590";"2014MM12";"   33545";"   32859";"   16452";"   16407";" 3974662";" 1956860";" 2017802";" 2650810";"  407761"
"728";"A043590";"2014KW04";"  108728";"  106169";"   53117";"   53052";"12971073";" 6488019";" 6483054";" 8916808";" 1318332"
"729";"A043590";"2014JJ00";"  449007";"  438295";"  219154";"  219141";"54940534";"27454136";"27486398";"37903464";" 5735759"
"730";"A043590";"2015MM01";"   32746";"   32032";"   15985";"   16047";" 3719441";" 1874235";" 1845206";" 2407878";"  373946"
"731";"A043590";"2015MM02";"   31365";"   30607";"   15298";"   15309";" 3602644";" 1782456";" 1820188";" 2458211";"  308215"
"732";"A043590";"2015MM03";"   35498";"   34599";"   17310";"   17289";" 4194059";" 2130477";" 2063582";" 2870299";"  402484"
"733";"A043590";"2015KW01";"   99609";"   97238";"   48593";"   48645";"11516144";" 5787168";" 5728976";" 7736388";" 1084645"
"734";"A043590";"2015MM04";"   38460";"   37602";"   18797";"   18805";" 4769994";" 2333141";" 2436853";" 3365931";"  485299"
"735";"A043590";"2015MM05";"   42132";"   41072";"   20535";"   20537";" 5380588";" 2707937";" 2672651";" 3880734";"  579116"
"736";"A043590";"2015MM06";"   41273";"   40066";"   20035";"   20031";" 5321300";" 2660014";" 2661286";" 3781882";"  608987"
"737";"A043590";"2015KW02";"  121865";"  118740";"   59367";"   59373";"15471882";" 7701092";" 7770790";"11028547";" 1673402"
"738";"A043590";"2015MM07";"   43503";"   42494";"   21239";"   21255";" 5914428";" 2790465";" 3123963";" 4197398";"  626486"
"739";"A043590";"2015MM08";"   43212";"   42339";"   21176";"   21163";" 5937238";" 3107242";" 2829996";" 4150650";"  648241"
"740";"A043590";"2015MM09";"   41616";"   40558";"   20286";"   20272";" 5466239";" 2737082";" 2729157";" 3868276";"  603797"
"741";"A043590";"2015KW03";"  128331";"  125391";"   62701";"   62690";"17317905";" 8634789";" 8683116";"12216324";" 1878524"
"742";"A043590";"2015MM10";"   41305";"   40241";"   20108";"   20133";" 5326372";" 2678899";" 2647473";" 3768179";"  566462"
"743";"A043590";"2015MM11";"   35487";"   34454";"   17243";"   17211";" 4325395";" 2169687";" 2155708";" 3016712";"  400208"
"744";"A043590";"2015MM12";"   35520";"   34609";"   17313";"   17296";" 4287593";" 2116536";" 2171057";" 2916811";"  418629"
"745";"A043590";"2015KW04";"  112312";"  109304";"   54664";"   54640";"13939360";" 6965122";" 6974238";" 9701702";" 1385299"
"746";"A043590";"2015JJ00";"  462117";"  450673";"  225325";"  225348";"58245291";"29088171";"29157120";"40682961";" 6021870"
"747";"A043590";"2016MM01";"   34003";"   33151";"   16567";"   16584";" 4108820";" 2067977";" 2040843";" 2745595";"  384878"
"748";"A043590";"2016MM02";"   33832";"   32959";"   16478";"   16481";" 4095405";" 2024205";" 2071200";" 2880353";"  330153"
"749";"A043590";"2016MM03";"   37962";"   36903";"   18447";"   18456";" 4745869";" 2397134";" 2348735";" 3326928";"  444948"
"750";"A043590";"2016KW01";"  105797";"  103013";"   51492";"   51521";"12950094";" 6489316";" 6460778";" 8952876";" 1159979"
"751";"A043590";"2016MM04";"   40914";"   39780";"   19885";"   19895";" 5243473";" 2545683";" 2697790";" 3736412";"  537697"
"752";"A043590";"2016MM05";"   44671";"   43419";"   21719";"   21700";" 5732006";" 2913429";" 2818577";" 4195512";"  593176"
"753";"A043590";"2016MM06";"   43613";"   42418";"   21208";"   21210";" 5736839";" 2872561";" 2864278";" 4189124";"  603626"
"754";"A043590";"2016KW02";"  129198";"  125617";"   62812";"   62805";"16712318";" 8331673";" 8380645";"12121048";" 1734499"
"755";"A043590";"2016MM07";"   46406";"   45260";"   22620";"   22640";" 6370808";" 2995564";" 3375244";" 4578516";"  632783"
"756";"A043590";"2016MM08";"   46592";"   45703";"   22852";"   22851";" 6402126";" 3347204";" 3054922";" 4572032";"  642188"
"757";"A043590";"2016MM09";"   44323";"   43186";"   21589";"   21597";" 5866487";" 2943433";" 2923054";" 4217956";"  602732"
"758";"A043590";"2016KW03";"  137321";"  134149";"   67061";"   67088";"18639421";" 9286201";" 9353220";"13368504";" 1877703"
"759";"A043590";"2016MM10";"   44334";"   43389";"   21699";"   21690";" 5782773";" 2921833";" 2860940";" 4148178";"  574585"
"760";"A043590";"2016MM11";"   37289";"   36325";"   18165";"   18160";" 4694112";" 2353958";" 2340154";" 3286965";"  414007"
"761";"A043590";"2016MM12";"   37131";"   36371";"   18198";"   18173";" 4747645";" 2333003";" 2414642";" 3242654";"  448810"
"762";"A043590";"2016KW04";"  118754";"  116085";"   58062";"   58023";"15224530";" 7608794";" 7615736";"10677797";" 1437402"
"763";"A043590";"2016JJ00";"  491070";"  478864";"  239427";"  239437";"63526363";"31715984";"31810379";"45120225";" 6209583"
"764";"A043590";"2017MM01";"   36373";"   35663";"   17826";"   17837";" 4559527";" 2310862";" 2248665";" 3060824";"  415992"
"765";"A043590";"2017MM02";"   34292";"   33400";"   16697";"   16703";" 4324272";" 2129390";" 2194882";" 3013325";"  347868"
"766";"A043590";"2017MM03";"   40468";"   39436";"   19713";"   19723";" 5161224";" 2622918";" 2538306";" 3625271";"  465218"
"767";"A043590";"2017KW01";"  111133";"  108499";"   54236";"   54263";"14045023";" 7063170";" 6981853";" 9699420";" 1229078"
"768";"A043590";"2017MM04";"   42894";"   41873";"   20936";"   20937";" 5837225";" 2859626";" 2977599";" 4146176";"  602264"
"769";"A043590";"2017MM05";"   46630";"   45418";"   22714";"   22704";" 6207951";" 3134261";" 3073690";" 4502206";"  652156"
"770";"A043590";"2017MM06";"   45193";"   44011";"   22003";"   22008";" 6144775";" 3087275";" 3057500";" 4462101";"  656140"
"771";"A043590";"2017KW02";"  134717";"  131302";"   65653";"   65649";"18189951";" 9081162";" 9108789";"13110483";" 1910560"
"772";"A043590";"2017MM07";"   47602";"   46495";"   23241";"   23254";" 6729274";" 3182386";" 3546888";" 4863967";"  673050"
"773";"A043590";"2017MM08";"   47755";"   46863";"   23432";"   23431";" 6788668";" 3520949";" 3267719";" 4904378";"  682603"
"774";"A043590";"2017MM09";"   45392";"   44269";"   22133";"   22136";" 6258281";" 3160005";" 3098276";" 4527676";"  631746"
"775";"A043590";"2017KW03";"  140749";"  137627";"   68806";"   68821";"19776223";" 9863340";" 9912883";"14296021";" 1987399"
"776";"A043590";"2017MM10";"   45957";"   44849";"   22426";"   22423";" 6242908";" 3140562";" 3102346";" 4512232";"  597935"
"777";"A043590";"2017MM11";"   39037";"   37963";"   18983";"   18980";" 5170757";" 2597443";" 2573314";" 3643001";"  448065"
"778";"A043590";"2017MM12";"   37324";"   36499";"   18259";"   18240";" 4975525";" 2438150";" 2537375";" 3387426";"  468071"
"779";"A043590";"2017KW04";"  122318";"  119311";"   59668";"   59643";"16389190";" 8176155";" 8213035";"11542659";" 1514071"
"780";"A043590";"2017JJ00";"  508917";"  496739";"  248363";"  248376";"68400387";"34183827";"34216560";"48648583";" 6641108"
"781";"A043590";"2018MM01";"   37971";"   37113";"   18551";"   18562";" 4908989";" 2477411";" 2431578";" 3322876";"  439423"
"782";"A043590";"2018MM02";"   35948";"   35069";"   17535";"   17534";" 4741806";" 2333281";" 2408525";" 3316805";"  376979"
"783";"A043590";"2018MM03";"   41220";"   40059";"   20019";"   20040";" 5559456";" 2817115";" 2742341";" 3886460";"  511992"
"784";"A043590";"2018KW01";"  115139";"  112241";"   56105";"   56136";"15210251";" 7627807";" 7582444";"10526141";" 1328394"
"785";"A043590";"2018MM04";"   42901";"   41861";"   20933";"   20928";" 6016915";" 2934838";" 3082077";" 4247799";"  632932"
"786";"A043590";"2018MM05";"   45892";"   44742";"   22368";"   22374";" 6393936";" 3236091";" 3157845";" 4617220";"  691099"
"787";"A043590";"2018MM06";"   44775";"   43499";"   21748";"   21751";" 6377393";" 3192260";" 3185133";" 4552594";"  723555"
"788";"A043590";"2018KW02";"  133568";"  130102";"   65049";"   65053";"18788244";" 9363189";" 9425055";"13417613";" 2047586"
"789";"A043590";"2018MM07";"   46761";"   45551";"   22779";"   22772";" 6765004";" 3188416";" 3576588";" 4797829";"  741174"
"790";"A043590";"2018MM08";"   46648";"   45713";"   22856";"   22857";" 6836668";" 3526769";" 3309899";" 4820950";"  755913"
"791";"A043590";"2018MM09";"   45341";"   44198";"   22101";"   22097";" 6396940";" 3212601";" 3184339";" 4563606";"  696027"
"792";"A043590";"2018KW03";"  138750";"  135462";"   67736";"   67726";"19998612";" 9927786";"10070826";"14182385";" 2193114"
"793";"A043590";"2018MM10";"   46170";"   45100";"   22549";"   22551";" 6402290";" 3211073";" 3191217";" 4562671";"  660868"
"794";"A043590";"2018MM11";"   39363";"   38382";"   19193";"   19189";" 5296943";" 2657363";" 2639580";" 3700208";"  497467"
"795";"A043590";"2018MM12";"   39038";"   38157";"   19084";"   19073";" 5260254";" 2573846";" 2686408";" 3590638";"  519102"
"796";"A043590";"2018KW04";"  124571";"  121639";"   60826";"   60813";"16959487";" 8442282";" 8517205";"11853517";" 1677437"
"797";"A043590";"2018JJ00";"  512028";"  499444";"  249716";"  249728";"70956594";"35361064";"35595530";"49979656";" 7246531"
"798";"A043590";"2019MM01";"   38009";"   37185";"   18588";"   18597";" 4996131";" 2520292";" 2475839";" 3373101";"  462521"
"799";"A043590";"2019MM02";"   36127";"   35195";"   17590";"   17605";" 4836332";" 2386195";" 2450137";" 3383286";"  401645"
"800";"A043590";"2019MM03";"   40748";"   39785";"   19897";"   19888";" 5630314";" 2847589";" 2782725";" 3947789";"  543295"
"801";"A043590";"2019KW01";"  114884";"  112165";"   56075";"   56090";"15462777";" 7754076";" 7708701";"10704176";" 1407461"
"802";"A043590";"2019MM04";"   42976";"   41892";"   20940";"   20952";" 6104010";" 2983771";" 3120239";" 4314805";"  660685"
"803";"A043590";"2019MM05";"   45990";"   44706";"   22352";"   22354";" 6441473";" 3236047";" 3205426";" 4651471";"  726649"
"804";"A043590";"2019MM06";"   44742";"   43348";"   21676";"   21672";" 6502588";" 3273870";" 3228718";" 4652003";"  762961"
"805";"A043590";"2019KW02";"  133708";"  129946";"   64968";"   64978";"19048071";" 9493688";" 9554383";"13618279";" 2150295"
"806";"A043590";"2019MM07";"   45936";"   44736";"   22366";"   22370";" 6724023";" 3166610";" 3557413";" 4758165";"  777044"
"807";"A043590";"2019MM08";"   46167";"   45122";"   22558";"   22564";" 6810759";" 3523240";" 3287519";" 4804762";"  793609"
"808";"A043590";"2019MM09";"   45302";"   44131";"   22075";"   22056";" 6493468";" 3252568";" 3240900";" 4649227";"  736288"
"809";"A043590";"2019KW03";"  137405";"  133989";"   66999";"   66990";"20028250";" 9942418";"10085832";"14212154";" 2306941"
"810";"A043590";"2019MM10";"   45643";"   44502";"   22251";"   22251";" 6431122";" 3227860";" 3203262";" 4604704";"  684886"
"811";"A043590";"2019MM11";"   38828";"   37800";"   18901";"   18899";" 5323306";" 2668379";" 2654927";" 3717038";"  504089"
"812";"A043590";"2019MM12";"   39257";"   38425";"   19213";"   19212";" 5386203";" 2640064";" 2746139";" 3698397";"  550494"
"813";"A043590";"2019KW04";"  123728";"  120727";"   60365";"   60362";"17140631";" 8536303";" 8604328";"12020139";" 1739469"
"814";"A043590";"2019JJ00";"  509725";"  496827";"  248407";"  248420";"71679729";"35726485";"35953244";"50554748";" 7604166"
"815";"A043590";"2020MM01";"   38410";"   37567";"   18784";"   18783";" 5074773";" 2561003";" 2513770";" 3452707";"  481908"
"816";"A043590";"2020MM02";"   35942";"   34979";"   17492";"   17487";" 4719769";" 2342660";" 2377109";" 3330655";"  423686"
"817";"A043590";"2020MM03";"   25883";"   25155";"   12626";"   12529";" 2476372";" 1298133";" 1178239";" 1641935";"  243685"
"818";"A043590";"2020KW01";"  100235";"   97701";"   48902";"   48799";"12270914";" 6201796";" 6069118";" 8425297";" 1149279"
"819";"A043590";"2020MM04";"    4583";"    4236";"    2118";"    2118";"  126015";"   70038";"   55977";"   67687";"   20466"
"820";"A043590";"2020MM05";"    6347";"    5873";"    2930";"    2943";"  207827";"  109314";"   98513";"  131546";"   27209"
"821";"A043590";"2020MM06";"    8797";"    8108";"    4057";"    4051";"  471410";"  229128";"  242282";"  338245";"   52137"
"822";"A043590";"2020KW02";"   19727";"   18217";"    9105";"    9112";"  805252";"  408480";"  396772";"  537478";"   99812"
"823";"A043590";"2020MM07";"   16789";"   15702";"    7831";"    7871";" 1338857";"  608849";"  730008";" 1114398";"   72435"
"824";"A043590";"2020MM08";"   24093";"   23125";"   11545";"   11580";" 1854786";"  983983";"  870803";" 1608511";"   78145"
"825";"A043590";"2020MM09";"   23046";"   22162";"   11087";"   11075";" 1337741";"  684061";"  653680";" 1102721";"   66307"
"826";"A043590";"2020KW03";"   63928";"   60989";"   30463";"   30526";" 4531384";" 2276893";" 2254491";" 3825630";"  216887"
"827";"A043590";"2020MM10";"   20306";"   19614";"    9801";"    9813";" 1143483";"  576128";"  567355";"  874489";"   66842"
"828";"A043590";"2020MM11";"   15382";"   14858";"    7433";"    7425";"  900434";"  451046";"  449388";"  629150";"   66435"
"829";"A043590";"2020MM12";"   16576";"   15896";"    7956";"    7940";" 1233043";"  580297";"  652746";"  836069";"  103297"
"830";"A043590";"2020KW04";"   52264";"   50368";"   25190";"   25178";" 3276960";" 1607471";" 1669489";" 2339708";"  236574"
"831";"A043590";"2020JJ00";"  236154";"  227275";"  113660";"  113615";"20884510";"10494640";"10389870";"15128113";" 1702552"
"832";"A043590";"2021MM01";"   15181";"   14666";"    7317";"    7349";"  869129";"  463793";"  405336";"  553464";"   82135"
"833";"A043590";"2021MM02";"   11083";"   10655";"    5328";"    5327";"  505194";"  253143";"  252051";"  327631";"   35111"
"834";"A043590";"2021MM03";"   12905";"   12217";"    6112";"    6105";"  660176";"  331608";"  328568";"  430955";"   48381"
"835";"A043590";"2021KW01";"   39169";"   37538";"   18757";"   18781";" 2034499";" 1048544";"  985955";" 1312050";"  165627"
"836";"A043590";"2021MM04";"   14489";"   13720";"    6855";"    6865";"  786652";"  386810";"  399842";"  536128";"   59973"
"837";"A043590";"2021MM05";"   16628";"   15576";"    7790";"    7786";" 1106740";"  552079";"  554661";"  804575";"   90218"
"838";"A043590";"2021MM06";"   20494";"   19195";"    9593";"    9602";" 1678265";"  816099";"  862166";" 1231479";"  152456"
"839";"A043590";"2021KW02";"   51611";"   48491";"   24238";"   24253";" 3571657";" 1754988";" 1816669";" 2572182";"  302647"
"840";"A043590";"2021MM07";"   30496";"   29141";"   14563";"   14578";" 3029951";" 1378580";" 1651371";" 2303289";"  250840"
"841";"A043590";"2021MM08";"   33118";"   31847";"   15929";"   15918";" 3786973";" 2002462";" 1784511";" 2939403";"  301725"
"842";"A043590";"2021MM09";"   31820";"   30019";"   15009";"   15010";" 3370205";" 1718856";" 1651349";" 2677291";"  241557"
"843";"A043590";"2021KW03";"   95434";"   91007";"   45501";"   45506";"10187129";" 5099898";" 5087231";" 7919983";"  794122"
"844";"A043590";"2021MM10";"   33037";"   31324";"   15655";"   15669";" 3745991";" 1907661";" 1838330";" 2978808";"  234121"
"845";"A043590";"2021MM11";"   29730";"   28371";"   14195";"   14176";" 3095823";" 1551581";" 1544242";" 2273366";"  254593"
"846";"A043590";"2021MM12";"   31358";"   30225";"   15120";"   15105";" 2855711";" 1329625";" 1526086";" 1924693";"  310974"
"847";"A043590";"2021KW04";"   94125";"   89920";"   44970";"   44950";" 9697525";" 4788867";" 4908658";" 7176867";"  799688"
"848";"A043590";"2021JJ00";"  280339";"  266956";"  133466";"  133490";"25490810";"12692297";"12798513";"18981082";" 2062084"
"849";"A043590";"2022MM01";"   27131";"   26231";"   13099";"   13132";" 2488083";" 1334253";" 1153830";" 1664713";"  234824"
"850";"A043590";"2022MM02";"   25198";"   24129";"   12070";"   12059";" 2660676";" 1311499";" 1349177";" 1905321";"  191060"
"851";"A043590";"2022MM03";"   31821";"   30382";"   15200";"   15182";" 3732048";" 1911518";" 1820530";" 2706725";"  333806"
"852";"A043590";"2022KW01";"   84150";"   80742";"   40369";"   40373";" 8880807";" 4557270";" 4323537";" 6276759";"  759690"
"853";"A043590";"2022MM04";"   35035";"   33421";"   16680";"   16741";" 4434587";" 2141978";" 2292609";" 3252399";"  480869"
"854";"A043590";"2022MM05";"   40208";"   38419";"   19205";"   19214";" 5217035";" 2674745";" 2542290";" 3891004";"  580872"
"855";"A043590";"2022MM06";"   39103";"   36919";"   18463";"   18456";" 5232630";" 2630931";" 2601699";" 3807896";"  676303"
"856";"A043590";"2022KW02";"  114346";"  108759";"   54348";"   54411";"14884252";" 7447654";" 7436598";"10951299";" 1738044"
"857";"A043590";"2022MM07";"   38012";"   36000";"   17982";"   18018";" 5179725";" 2484720";" 2695005";" 3615230";"  691674"
"858";"A043590";"2022MM08";"   39284";"   37730";"   18861";"   18869";" 5327361";" 2790696";" 2536665";" 3743746";"  682271"
"859";"A043590";"2022MM09";"   39029";"   37027";"   18518";"   18509";" 5196931";" 2627876";" 2569055";" 3705504";"  648794"
"860";"A043590";"2022KW03";"  116325";"  110757";"   55361";"   55396";"15704017";" 7903292";" 7800725";"11064480";" 2022739"
"861";"A043590";"2022MM10";"   38087";"   36361";"   18189";"   18172";" 4912421";" 2489573";" 2422848";" 3443474";"  599749"
"862";"A043590";"2022MM11";"   31672";"   30348";"   15178";"   15170";" 3987405";" 2009494";" 1977911";" 2692949";"  435259"
"863";"A043590";"2022MM12";"   31884";"   30669";"   15329";"   15340";" 4101978";" 1988941";" 2113037";" 2709722";"  469135"
"864";"A043590";"2022KW04";"  101643";"   97378";"   48696";"   48682";"13001804";" 6488008";" 6513796";" 8846145";" 1504143"
"865";"A043590";"2022JJ00";"  416464";"  397636";"  198774";"  198862";"52470880";"26396224";"26074656";"37138683";" 6024616"
"866";"A043590";"2023MM01";"   31055";"   29987";"   14994";"   14993";" 3896388";" 1993408";" 1902980";" 2557198";"  410528"
"867";"A043590";"2023MM02";"   29446";"   28345";"   14175";"   14170";" 3782228";" 1868419";" 1913809";" 2569111";"  353704"
"868";"A043590";"2023MM03";"   34653";"   33128";"   16561";"   16567";" 4585101";" 2349324";" 2235777";" 3129905";"  514203"
"869";"A043590";"2023KW01";"   95154";"   91460";"   45730";"   45730";"12263717";" 6211151";" 6052566";" 8256214";" 1278435"
"870";"A043590";"2023MM04";"   37777";"   36258";"   18126";"   18132";" 5128555";" 2512795";" 2615760";" 3586955";"  624690"
"871";"A043590";"2023MM05";"   41298";"   39568";"   19788";"   19780";" 5599870";" 2851081";" 2748789";" 4006221";"  669441"
"872";"A043590";"2023MM06";"   40723";"   38912";"   19449";"   19463";" 5664120";" 2838595";" 2825525";" 4013259";"  710977"
"873";"A043590";"2023KW02";"  119798";"  114738";"   57363";"   57375";"16392545";" 8202471";" 8190074";"11606435";" 2005108"
"874";"A043590";"2023MM07";"   42541";"   40965";"   20476";"   20489";" 6009315";" 2870399";" 3138916";" 4244511";"  710246"
"875";"A043590";"2023MM08";"   42932";"   41584";"   20798";"   20786";" 6052884";" 3138382";" 2914502";" 4278189";"  719840"
"876";"A043590";"2023MM09";"   41967";"   40625";"   20308";"   20317";" 5777208";" 2917291";" 2859917";" 4138808";"  669022"
"877";"A043590";"2023KW03";"  127440";"  123174";"   61582";"   61592";"17839407";" 8926072";" 8913335";"12661508";" 2099108"
"878";"A043590";"2023MM10";"   42962";"   41553";"   20788";"   20765";" 5820061";" 2939440";" 2880621";" 4177245";"  657597"
"879";"A043590";"2023MM11";"   36474";"   35345";"   17687";"   17658";" 4742398";" 2387151";" 2355247";" 3321264";"  496532"
"880";"A043590";"2023MM12";"   36762";"   35699";"   17830";"   17869";" 4829500";" 2334496";" 2495004";" 3316852";"  529322"
"881";"A043590";"2023KW04";"  116198";"  112597";"   56305";"   56292";"15391959";" 7661087";" 7730872";"10815361";" 1683451"
"882";"A043590";"2023JJ00";"  458590";"  441969";"  220980";"  220989";"61887628";"31000781";"30886847";"43339518";" 7066102"
"883";"A043590";"2024MM01";"   35987";"   35050";"   17529";"   17521";" 4543879";" 2330098";" 2213781";" 3060179";"  470186"
"884";"A043590";"2024MM02";"   36154";"   35103";"   17542";"   17561";" 4626939";" 2307323";" 2319616";" 3230533";"  414227"
"885";"A043590";"2024MM03";"   39446";"   38221";"   19110";"   19111";" 5225678";" 2636392";" 2589286";" 3662128";"  544552"
"886";"A043590";"2024KW01";"  111587";"  108374";"   54181";"   54193";"14396496";" 7273813";" 7122683";" 9952840";" 1428965"
"887";"A043590";"2024MM04";"   40360";"   39142";"   19569";"   19573";" 5470432";" 2677336";" 2793096";" 3913794";"  633108"
"888";"A043590";"2024MM05";"   43536";"   42043";"   21013";"   21030";" 5975694";" 3050631";" 2925063";" 4350862";"  692656"
"889";"A043590";"2024MM06";"   42492";"   40857";"   20430";"   20427";" 5958047";" 3005969";" 2952078";" 4320383";"  708801"
"890";"A043590";"2024KW02";"  126388";"  122042";"   61012";"   61030";"17404173";" 8733936";" 8670237";"12585039";" 2034565"
"891";"A043590";"2024MM07";"   43901";"   42452";"   21224";"   21228";" 6300801";" 2984717";" 3316084";" 4535569";"  721684"
"892";"A043590";"2024MM08";"   44479";"   43117";"   21561";"   21556";" 6417039";" 3362299";" 3054740";" 4618422";"  733437"
"893";"A043590";"2024MM09";"   43179";"   41778";"   20895";"   20883";" 6030813";" 3042558";" 2988255";" 4394616";"  664040"
"894";"A043590";"2024KW03";"  131559";"  127347";"   63680";"   63667";"18748653";" 9389574";" 9359079";"13548607";" 2119161"
"895";"A043590";"2024MM10";"   43347";"   42005";"   20997";"   21008";" 6038966";" 3011654";" 3027312";" 4371263";"  660196"
"896";"A043590";"2024MM11";"   37883";"   36588";"   18287";"   18301";" 5071186";" 2593604";" 2477582";" 3572442";"  496118"
"897";"A043590";"2024MM12";"   38572";"   37447";"   18712";"   18735";" 5164857";" 2503280";" 2661577";" 3578117";"  552030"
"898";"A043590";"2024KW04";"  119802";"  116040";"   57996";"   58044";"16275009";" 8108538";" 8166471";"11521822";" 1708344"
"899";"A043590";"2024JJ00";"  489336";"  473803";"  236869";"  236934";"66824331";"33505861";"33318470";"47608308";" 7291035"
"900";"A043590";"2025MM01";"   36785";"   35714";"   17844";"   17870";" 4804006";" 2461205";" 2342801";" 3240908";"  486134"
"901";"A043590";"2025MM02";"   35435";"   34339";"   17155";"   17184";" 4693266";" 2332919";" 2360347";" 3288773";"  413496"
"902";"A043590";"2025MM03";"   40169";"   38870";"   19417";"   19453";" 5324550";" 2721094";" 2603456";" 3772351";"  538828"
"903";"A043590";"2025KW01";"  112389";"  108923";"   54416";"   54507";"14821822";" 7515218";" 7306604";"10302032";" 1438458"
"904";"A043590";"2025MM04";"   41619";"   40363";"   20176";"   20187";" 5825953";" 2855757";" 2970196";" 4175041";"  654908"
"905";"A043590";"2025MM05";"   44103";"   42674";"   21317";"   21357";" 6089817";" 3109566";" 2980251";" 4438586";"  684339"
"906";"A043590";"2025MM06";"   42263";"   40737";"   20360";"   20377";" 6032528";" 3083842";" 2948686";" 4381736";"  714259"
"907";"A043590";"2025KW02";"  127985";"  123774";"   61853";"   61921";"17948298";" 9049165";" 8899133";"12995363";" 2053506"
"908";"A043590";"2025MM07";"   44709";"   43320";"   21646";"   21674";" 6552356";" 3107088";" 3445268";" 4729405";"  737505"
"909";"A043590";"2025MM08";"   44999";"   43614";"   21806";"   21808";" 6621920";" 3513624";" 3108296";" 4742803";"  749186"
"910";"A043590";"2025MM09";"   42708";"   41374";"   20675";"   20699";" 6094409";" 3071780";" 3022629";" 4417434";"  657001"
"911";"A043590";"2025KW03";"  132416";"  128308";"   64127";"   64181";"19268685";" 9692492";" 9576193";"13889642";" 2143692"
"912";"A043596";"1997JJ00";"   43592";"   22077";"   11023";"   11054";"  469487";"  234738";"  234749";"  457478";"       0"
"913";"A043596";"1998JJ00";"   40036";"   21409";"   10698";"   10711";"  542900";"  273889";"  269011";"  527607";"       0"
"914";"A043596";"1999MM01";"    2662";"    1586";"     794";"     792";"   35454";"   18051";"   17403";"   34822";"       0"
"915";"A043596";"1999MM02";"    2615";"    1570";"     780";"     790";"   39278";"   20702";"   18576";"   38173";"       0"
"916";"A043596";"1999MM03";"    3594";"    1875";"     939";"     936";"   40121";"   20329";"   19792";"   38543";"       0"
"917";"A043596";"1999KW01";"    8871";"    5031";"    2513";"    2518";"  114853";"   59082";"   55771";"  111538";"       0"
"918";"A043596";"1999MM04";"    3444";"    1732";"     870";"     862";"   39909";"   18664";"   21245";"   39414";"       0"
"919";"A043596";"1999MM05";"    4119";"    1918";"     962";"     956";"   64967";"   31911";"   33056";"   64394";"       0"
"920";"A043596";"1999MM06";"    4149";"    2050";"    1024";"    1026";"   57489";"   28348";"   29141";"   56847";"       0"
"921";"A043596";"1999KW02";"   11712";"    5700";"    2856";"    2844";"  162365";"   78923";"   83442";"  160655";"       0"
"922";"A043596";"1999MM07";"    4021";"    1876";"     939";"     937";"   64185";"   28780";"   35405";"   61346";"       0"
"923";"A043596";"1999MM08";"    3858";"    1962";"     982";"     980";"   64680";"   35062";"   29618";"   60142";"       0"
"924";"A043596";"1999MM09";"    3932";"    2135";"    1068";"    1067";"   63346";"   30502";"   32844";"   62433";"       0"
"925";"A043596";"1999KW03";"   11811";"    5973";"    2989";"    2984";"  192211";"   94344";"   97867";"  183921";"       0"
"926";"A043596";"1999MM10";"    3651";"    2099";"    1055";"    1044";"   62131";"   32735";"   29396";"   61325";"       0"
"927";"A043596";"1999MM11";"    3227";"    1896";"     949";"     947";"   41733";"   21246";"   20487";"   40262";"       0"
"928";"A043596";"1999MM12";"    2485";"    1606";"     797";"     809";"   33874";"   17649";"   16225";"   33407";"       0"
"929";"A043596";"1999KW04";"    9363";"    5601";"    2801";"    2800";"  137738";"   71630";"   66108";"  134994";"       0"
"930";"A043596";"1999JJ00";"   41757";"   22305";"   11159";"   11146";"  607167";"  303979";"  303188";"  591108";"       0"
"931";"A043596";"2000MM01";"    2888";"    1803";"     904";"     899";"   35006";"   17714";"   17292";"   34095";"       0"
"932";"A043596";"2000MM02";"    3220";"    1842";"     921";"     921";"   38721";"   19023";"   19698";"   37819";"       0"
"933";"A043596";"2000MM03";"    3587";"    2075";"    1037";"    1038";"   46757";"   23657";"   23100";"   45595";"       0"
"934";"A043596";"2000KW01";"    9695";"    5720";"    2862";"    2858";"  120484";"   60394";"   60090";"  117509";"       0"
"935";"A043596";"2000MM04";"    3954";"    2085";"    1048";"    1037";"   52305";"   24727";"   27578";"   51581";"       0"
"936";"A043596";"2000MM05";"    4367";"    2398";"    1201";"    1197";"   74601";"   37706";"   36895";"   74580";"       0"
"937";"A043596";"2000MM06";"    4605";"    2419";"    1212";"    1207";"   79429";"   39820";"   39609";"   78913";"       0"
"938";"A043596";"2000KW02";"   12926";"    6902";"    3461";"    3441";"  206335";"  102253";"  104082";"  205074";"       0"
"939";"A043596";"2000MM07";"    3948";"    2215";"    1108";"    1107";"   77105";"   34157";"   42948";"   70717";"       0"
"940";"A043596";"2000MM08";"    4029";"    2117";"    1054";"    1063";"   71070";"   40384";"   30686";"   64542";"       0"
"941";"A043596";"2000MM09";"    3950";"    2187";"    1096";"    1091";"   76253";"   37672";"   38581";"   74898";"      88"
"942";"A043596";"2000KW03";"   11927";"    6519";"    3258";"    3261";"  224428";"  112213";"  112215";"  210157";"      88"
"943";"A043596";"2000MM10";"    3538";"    2256";"    1125";"    1131";"   69313";"   37688";"   31625";"   69313";"       0"
"944";"A043596";"2000MM11";"    3053";"    1920";"     962";"     958";"   42773";"   21792";"   20981";"   42773";"       0"
"945";"A043596";"2000MM12";"    2543";"    1489";"     743";"     746";"   33279";"   16845";"   16434";"   33279";"       0"
"946";"A043596";"2000KW04";"    9134";"    5665";"    2830";"    2835";"  145365";"   76325";"   69040";"  145365";"       0"
"947";"A043596";"2000JJ00";"   43682";"   24806";"   12411";"   12395";"  696612";"  351185";"  345427";"  678105";"      88"
"948";"A043596";"2001MM01";"    2938";"    1795";"     898";"     897";"   34865";"   17754";"   17111";"   34865";"       0"
"949";"A043596";"2001MM02";"    2750";"    1614";"     808";"     806";"   34790";"   17295";"   17495";"   34790";"       0"
"950";"A043596";"2001MM03";"    3210";"    1879";"     937";"     942";"   42902";"   21754";"   21148";"   42862";"       0"
"951";"A043596";"2001KW01";"    8898";"    5288";"    2643";"    2645";"  112557";"   56803";"   55754";"  112517";"       0"
"952";"A043596";"2001MM04";"    3033";"    1428";"     716";"     712";"   56380";"   25824";"   30556";"   56210";"       0"
"953";"A043596";"2001MM05";"    3800";"    1723";"     861";"     862";"   81744";"   39981";"   41763";"   81500";"       0"
"954";"A043596";"2001MM06";"    3715";"    1800";"     898";"     902";"   76968";"   38800";"   38168";"   76050";"       0"
"955";"A043596";"2001KW02";"   10548";"    4951";"    2475";"    2476";"  215092";"  104605";"  110487";"  213760";"       0"
"956";"A043596";"2001MM07";"    3581";"    1891";"     948";"     943";"   93388";"   41665";"   51723";"   86580";"       0"
"957";"A043596";"2001MM08";"    3643";"    1954";"     974";"     980";"  101666";"   60189";"   41477";"   91086";"       0"
"958";"A043596";"2001MM09";"    3243";"    1852";"     928";"     924";"   84783";"   44172";"   40611";"   80756";"       0"
"959";"A043596";"2001KW03";"   10467";"    5697";"    2850";"    2847";"  279837";"  146026";"  133811";"  258422";"       0"
"960";"A043596";"2001MM10";"    3300";"    1804";"     905";"     899";"   75952";"   42365";"   33587";"   75488";"       0"
"961";"A043596";"2001MM11";"    2566";"    1221";"     610";"     611";"   36609";"   18804";"   17805";"   36438";"       0"
"962";"A043596";"2001MM12";"    1911";"     972";"     484";"     488";"   27780";"   13525";"   14255";"   27780";"       0"
"963";"A043596";"2001KW04";"    7777";"    3997";"    1999";"    1998";"  140341";"   74694";"   65647";"  139706";"       0"
"964";"A043596";"2001JJ00";"   37690";"   19933";"    9967";"    9966";"  747827";"  382128";"  365699";"  724405";"       0"
"965";"A043596";"2002MM01";"    2288";"    1306";"     651";"     655";"   32355";"   16646";"   15709";"   32197";"       0"
"966";"A043596";"2002MM02";"    2375";"    1255";"     629";"     626";"   35280";"   17448";"   17832";"   35280";"       0"
"967";"A043596";"2002MM03";"    3254";"    1406";"     699";"     707";"   42660";"   21658";"   21002";"   42660";"       0"
"968";"A043596";"2002KW01";"    7917";"    3967";"    1979";"    1988";"  110295";"   55752";"   54543";"  110137";"       0"
"969";"A043596";"2002MM04";"    3123";"    1427";"     708";"     719";"   47908";"   22277";"   25631";"   47908";"       0"
"970";"A043596";"2002MM05";"    3419";"    1677";"     839";"     838";"   66776";"   34325";"   32451";"   66736";"      40"
"971";"A043596";"2002MM06";"    3520";"    1645";"     819";"     826";"   60879";"   30312";"   30567";"   60151";"      68"
"972";"A043596";"2002KW02";"   10062";"    4749";"    2366";"    2383";"  175563";"   86914";"   88649";"  174795";"     108"
"973";"A043596";"2002MM07";"    3416";"    1642";"     817";"     825";"   66950";"   29293";"   37657";"   63083";"       0"
"974";"A043596";"2002MM08";"    3345";"    1639";"     819";"     820";"   66630";"   38611";"   28019";"   61353";"       0"
"975";"A043596";"2002MM09";"    3670";"    1707";"     852";"     855";"   63603";"   31840";"   31763";"   62848";"       0"
"976";"A043596";"2002KW03";"   10431";"    4988";"    2488";"    2500";"  197183";"   99744";"   97439";"  187284";"       0"
"977";"A043596";"2002MM10";"    3017";"    1707";"     850";"     857";"   58900";"   31432";"   27468";"   58900";"       0"
"978";"A043596";"2002MM11";"    2739";"    1437";"     725";"     712";"   38518";"   19577";"   18941";"   38485";"       0"
"979";"A043596";"2002MM12";"    2002";"    1143";"     565";"     578";"   31562";"   15388";"   16174";"   31562";"       0"
"980";"A043596";"2002KW04";"    7758";"    4287";"    2140";"    2147";"  128980";"   66397";"   62583";"  128947";"       0"
"981";"A043596";"2002JJ00";"   36168";"   17991";"    8973";"    9018";"  612021";"  308807";"  303214";"  601163";"     108"
"982";"A043596";"2003MM01";"    1972";"    1010";"     498";"     512";"   30951";"   15984";"   14967";"   30951";"       0"
"983";"A043596";"2003MM02";"    2291";"    1058";"     524";"     534";"   35045";"   17144";"   17901";"   35045";"       0"
"984";"A043596";"2003MM03";"    2841";"    1163";"     579";"     584";"   38499";"   19872";"   18627";"   38499";"       0"
"985";"A043596";"2003KW01";"    7104";"    3231";"    1601";"    1630";"  104495";"   53000";"   51495";"  104495";"       0"
"986";"A043596";"2003MM04";"    2699";"    1154";"     575";"     579";"   45034";"   19798";"   25236";"   45034";"       0"
"987";"A043596";"2003MM05";"    3024";"    1447";"     726";"     721";"   66908";"   33162";"   33746";"   66908";"       0"
"988";"A043596";"2003MM06";"    3198";"    1355";"     676";"     679";"   63270";"   32343";"   30927";"   63270";"       0"
"989";"A043596";"2003KW02";"    8921";"    3956";"    1977";"    1979";"  175212";"   85303";"   89909";"  175212";"       0"
"990";"A043596";"2003MM07";"    2971";"    1429";"     721";"     708";"   71569";"   31587";"   39982";"   68236";"       0"
"991";"A043596";"2003MM08";"    2721";"    1268";"     632";"     636";"   64823";"   38428";"   26395";"   61258";"       0"
"992";"A043596";"2003MM09";"    3007";"    1459";"     727";"     732";"   63448";"   31063";"   32385";"   63216";"       0"
"993";"A043596";"2003KW03";"    8699";"    4156";"    2080";"    2076";"  199840";"  101078";"   98762";"  192710";"       0"
"994";"A043596";"2003MM10";"    2557";"    1223";"     610";"     613";"   60453";"   32117";"   28336";"   60453";"       0"
"995";"A043596";"2003MM11";"    2210";"    1036";"     519";"     517";"   40759";"   21394";"   19365";"   40759";"       0"
"996";"A043596";"2003MM12";"    1770";"     856";"     431";"     425";"   36064";"   17571";"   18493";"   35825";"       0"
"997";"A043596";"2003KW04";"    6537";"    3115";"    1560";"    1555";"  137276";"   71082";"   66194";"  137037";"       0"
"998";"A043596";"2003JJ00";"   31261";"   14458";"    7218";"    7240";"  616823";"  310463";"  306360";"  609454";"       0"
"999";"A043596";"2004MM01";"    1739";"     945";"     458";"     487";"   36511";"   18421";"   18090";"   36511";"       0"
"1000";"A043596";"2004MM02";"    2159";"    1090";"     539";"     551";"   40400";"   19705";"   20695";"   40356";"       0"
"1001";"A043596";"2004MM03";"    2856";"    1435";"     704";"     731";"   62096";"   31111";"   30985";"   61946";"       0"
"1002";"A043596";"2004KW01";"    6754";"    3470";"    1701";"    1769";"  139007";"   69237";"   69770";"  138813";"       0"
"1003";"A043596";"2004MM04";"    3003";"    1524";"     760";"     764";"   97008";"   45025";"   51983";"   96988";"      20"
"1004";"A043596";"2004MM05";"    3378";"    1658";"     826";"     832";"  114942";"   57825";"   57117";"  114942";"       0"
"1005";"A043596";"2004MM06";"    3466";"    1907";"     950";"     957";"  111210";"   55532";"   55678";"  111210";"       0"
"1006";"A043596";"2004KW02";"    9847";"    5089";"    2536";"    2553";"  323160";"  158382";"  164778";"  323140";"      20"
"1007";"A043596";"2004MM07";"    3140";"    1730";"     860";"     870";"  124052";"   57074";"   66978";"  124052";"       0"
"1008";"A043596";"2004MM08";"    2819";"    1661";"     826";"     835";"  121751";"   65421";"   56330";"  121748";"       3"
"1009";"A043596";"2004MM09";"    3165";"    1762";"     883";"     879";"  111949";"   55497";"   56452";"  111872";"      27"
"1010";"A043596";"2004KW03";"    9124";"    5153";"    2569";"    2584";"  357752";"  177992";"  179760";"  357672";"      30"
"1011";"A043596";"2004MM10";"    3041";"    1755";"     879";"     876";"  115922";"   60025";"   55897";"  115872";"       0"
"1012";"A043596";"2004MM11";"    2486";"    1499";"     748";"     751";"   82476";"   41830";"   40646";"   82075";"       0"
"1013";"A043596";"2004MM12";"    2220";"    1313";"     659";"     654";"   78197";"   38320";"   39877";"   78157";"       0"
"1014";"A043596";"2004KW04";"    7747";"    4567";"    2286";"    2281";"  276595";"  140175";"  136420";"  276104";"       0"
"1015";"A043596";"2004JJ00";"   33472";"   18279";"    9092";"    9187";" 1096514";"  545786";"  550728";" 1095729";"      50"
"1016";"A043596";"2005MM01";"    2325";"    1342";"     657";"     685";"   72452";"   37106";"   35346";"   71805";"       0"
"1017";"A043596";"2005MM02";"    2454";"    1444";"     711";"     733";"   73154";"   36279";"   36875";"   73108";"       1"
"1018";"A043596";"2005MM03";"    2821";"    1633";"     818";"     815";"   86574";"   44413";"   42161";"   85041";"     639"
"1019";"A043596";"2005KW01";"    7600";"    4419";"    2186";"    2233";"  232180";"  117798";"  114382";"  229954";"     640"
"1020";"A043596";"2005MM04";"    3113";"    1541";"     767";"     774";"   86409";"   41853";"   44556";"   86409";"       0"
"1021";"A043596";"2005MM05";"    3144";"    1601";"     799";"     802";"  101831";"   50507";"   51324";"  101831";"       0"
"1022";"A043596";"2005MM06";"    3507";"    1714";"     858";"     856";"  102993";"   51567";"   51426";"  102993";"       0"
"1023";"A043596";"2005KW02";"    9764";"    4856";"    2424";"    2432";"  291233";"  143927";"  147306";"  291233";"       0"
"1024";"A043596";"2005MM07";"    3047";"    1628";"     820";"     808";"  110488";"   51894";"   58594";"  110488";"       0"
"1025";"A043596";"2005MM08";"    2801";"    1468";"     735";"     733";"   96942";"   51945";"   44997";"   96942";"       0"
"1026";"A043596";"2005MM09";"    2742";"    1455";"     725";"     730";"   78659";"   38212";"   40447";"   78659";"       0"
"1027";"A043596";"2005KW03";"    8590";"    4551";"    2280";"    2271";"  286089";"  142051";"  144038";"  286089";"       0"
"1028";"A043596";"2005MM10";"    2540";"    1342";"     672";"     670";"   74208";"   38870";"   35338";"   74193";"       0"
"1029";"A043596";"2005MM11";"    2406";"    1365";"     683";"     682";"   68344";"   35376";"   32968";"   67888";"       0"
"1030";"A043596";"2005MM12";"    1930";"    1099";"     548";"     551";"   58896";"   28234";"   30662";"   58896";"       0"
"1031";"A043596";"2005KW04";"    6876";"    3806";"    1903";"    1903";"  201448";"  102480";"   98968";"  200977";"       0"
"1032";"A043596";"2005JJ00";"   32830";"   17632";"    8793";"    8839";" 1010950";"  506256";"  504694";" 1008253";"     640"
"1033";"A043596";"2006MM01";"    2366";"    1266";"     620";"     646";"   59245";"   30362";"   28883";"   59245";"       0"
"1034";"A043596";"2006MM02";"    2382";"    1441";"     708";"     733";"   65936";"   31889";"   34047";"   65803";"       0"
"1035";"A043596";"2006MM03";"    2795";"    1601";"     792";"     809";"   77003";"   38863";"   38140";"   76990";"       0"
"1036";"A043596";"2006KW01";"    7543";"    4308";"    2120";"    2188";"  202184";"  101114";"  101070";"  202038";"       0"
"1037";"A043596";"2006MM04";"    2733";"    1491";"     776";"     715";"   81270";"   38465";"   42805";"   81270";"       0"
"1038";"A043596";"2006MM05";"    3175";"    1680";"     840";"     840";"  109259";"   53889";"   55370";"  109259";"       0"
"1039";"A043596";"2006MM06";"    3585";"    1795";"     898";"     897";"  104614";"   52676";"   51938";"  104614";"       0"
"1040";"A043596";"2006KW02";"    9493";"    4966";"    2514";"    2452";"  295143";"  145030";"  150113";"  295143";"       0"
"1041";"A043596";"2006MM07";"    3123";"    1548";"     769";"     779";"  108013";"   49937";"   58076";"  108013";"       0"
"1042";"A043596";"2006MM08";"    2448";"    1475";"     738";"     737";"  101757";"   55117";"   46640";"  101757";"       0"
"1043";"A043596";"2006MM09";"    3226";"    1659";"     825";"     834";"  107184";"   52519";"   54665";"  107184";"       0"
"1044";"A043596";"2006KW03";"    8797";"    4682";"    2332";"    2350";"  316954";"  157573";"  159381";"  316954";"       0"
"1045";"A043596";"2006MM10";"    2928";"    1599";"     795";"     804";"   99344";"   52509";"   46835";"   99344";"       0"
"1046";"A043596";"2006MM11";"    2630";"    1474";"     733";"     741";"   65245";"   33957";"   31288";"   65245";"       0"
"1047";"A043596";"2006MM12";"    2125";"    1247";"     636";"     611";"   59101";"   27842";"   31259";"   59101";"       0"
"1048";"A043596";"2006KW04";"    7683";"    4320";"    2164";"    2156";"  223690";"  114308";"  109382";"  223690";"       0"
"1049";"A043596";"2006JJ00";"   33516";"   18276";"    9130";"    9146";" 1037971";"  518025";"  519946";" 1037825";"       0"
"1050";"A043596";"2007MM01";"    2233";"    1396";"     692";"     704";"   62559";"   32212";"   30347";"   62549";"       0"
"1051";"A043596";"2007MM02";"    2410";"    1455";"     719";"     736";"   65654";"   31894";"   33760";"   65626";"       0"
"1052";"A043596";"2007MM03";"    2970";"    1594";"     793";"     801";"   80082";"   40401";"   39681";"   80082";"       0"
"1053";"A043596";"2007KW01";"    7613";"    4445";"    2204";"    2241";"  208295";"  104507";"  103788";"  208257";"       0"
"1054";"A043596";"2007MM04";"    3159";"    1498";"     750";"     748";"   82050";"   38784";"   43266";"   82050";"       0"
"1055";"A043596";"2007MM05";"    3105";"    1708";"     854";"     854";"  112235";"   55078";"   57157";"  112235";"       0"
"1056";"A043596";"2007MM06";"    3149";"    1679";"     833";"     846";"  104900";"   52832";"   52068";"  104900";"       0"
"1057";"A043596";"2007KW02";"    9413";"    4885";"    2437";"    2448";"  299185";"  146694";"  152491";"  299185";"       0"
"1058";"A043596";"2007MM07";"    2902";"    1641";"     824";"     817";"  109236";"   50782";"   58454";"  109236";"       0"
"1059";"A043596";"2007MM08";"    2982";"    1561";"     777";"     784";"  105835";"   56365";"   49470";"  105835";"       0"
"1060";"A043596";"2007MM09";"    3191";"    1685";"     840";"     845";"  107548";"   52997";"   54551";"  107548";"       0"
"1061";"A043596";"2007KW03";"    9075";"    4887";"    2441";"    2446";"  322619";"  160144";"  162475";"  322619";"       0"
"1062";"A043596";"2007MM10";"    3009";"    1667";"     829";"     838";"  102419";"   54721";"   47698";"  102419";"       0"
"1063";"A043596";"2007MM11";"    2476";"    1458";"     719";"     739";"   66496";"   34219";"   32277";"   66402";"       0"
"1064";"A043596";"2007MM12";"    2015";"    1213";"     603";"     610";"   61030";"   29177";"   31853";"   61030";"       0"
"1065";"A043596";"2007KW04";"    7500";"    4338";"    2151";"    2187";"  229945";"  118117";"  111828";"  229851";"       0"
"1066";"A043596";"2007JJ00";"   33601";"   18555";"    9233";"    9322";" 1060044";"  529462";"  530582";" 1059912";"       0"
"1067";"A043596";"2008MM01";"    2314";"    1383";"     688";"     695";"   67319";"   34094";"   33225";"   67319";"       0"
"1068";"A043596";"2008MM02";"    2672";"    1427";"     709";"     718";"   67179";"   32648";"   34531";"   67179";"       0"
"1069";"A043596";"2008MM03";"    2578";"    1574";"     778";"     796";"   82743";"   42668";"   40075";"   82643";"       0"
"1070";"A043596";"2008KW01";"    7564";"    4384";"    2175";"    2209";"  217241";"  109410";"  107831";"  217141";"       0"
"1071";"A043596";"2008MM04";"    3079";"    1595";"     801";"     794";"   78914";"   35584";"   43330";"   78825";"      89"
"1072";"A043596";"2008MM05";"    2976";"    1497";"     749";"     748";"   95425";"   47951";"   47474";"   95425";"       0"
"1073";"A043596";"2008MM06";"    3194";"    1708";"     853";"     855";"  100881";"   50299";"   50582";"  100881";"       0"
"1074";"A043596";"2008KW02";"    9249";"    4800";"    2403";"    2397";"  275220";"  133834";"  141386";"  275131";"      89"
"1075";"A043596";"2008MM07";"    3020";"    1595";"     800";"     795";"  104303";"   49388";"   54915";"  104303";"       0"
"1076";"A043596";"2008MM08";"    2587";"    1438";"     716";"     722";"   98795";"   53654";"   45141";"   98795";"       0"
"1077";"A043596";"2008MM09";"    3118";"    1609";"     810";"     799";"   98568";"   48454";"   50114";"   98568";"       0"
"1078";"A043596";"2008KW03";"    8725";"    4642";"    2326";"    2316";"  301666";"  151496";"  150170";"  301666";"       0"
"1079";"A043596";"2008MM10";"    2670";"    1503";"     750";"     753";"   87323";"   46767";"   40556";"   87323";"       0"
"1080";"A043596";"2008MM11";"    1901";"    1063";"     533";"     530";"   50467";"   26478";"   23989";"   50467";"       0"
"1081";"A043596";"2008MM12";"    1843";"    1055";"     527";"     528";"   54872";"   25655";"   29217";"   54872";"       0"
"1082";"A043596";"2008KW04";"    6414";"    3621";"    1810";"    1811";"  192662";"   98900";"   93762";"  192662";"       0"
"1083";"A043596";"2008JJ00";"   31952";"   17447";"    8714";"    8733";"  986789";"  493640";"  493149";"  986600";"      89"
"1084";"A043596";"2009MM01";"    2063";"    1245";"     625";"     620";"   62337";"   31902";"   30435";"   62337";"       0"
"1085";"A043596";"2009MM02";"    2052";"    1221";"     610";"     611";"   65242";"   32447";"   32795";"   65241";"       1"
"1086";"A043596";"2009MM03";"    2515";"    1264";"     624";"     640";"   71683";"   37020";"   34663";"   71683";"       0"
"1087";"A043596";"2009KW01";"    6630";"    3730";"    1859";"    1871";"  199262";"  101369";"   97893";"  199261";"       1"
"1088";"A043596";"2009MM04";"    2565";"    1229";"     614";"     615";"   66876";"   30559";"   36317";"   66676";"       0"
"1089";"A043596";"2009MM05";"    2840";"    1428";"     711";"     717";"   91441";"   45621";"   45820";"   91232";"       0"
"1090";"A043596";"2009MM06";"    2888";"    1460";"     730";"     730";"   90848";"   45943";"   44905";"   90848";"       0"
"1091";"A043596";"2009KW02";"    8293";"    4117";"    2055";"    2062";"  249165";"  122123";"  127042";"  248756";"       0"
"1092";"A043596";"2009MM07";"    2736";"    1426";"     715";"     711";"   96901";"   44457";"   52444";"   96901";"       0"
"1093";"A043596";"2009MM08";"    2637";"    1247";"     619";"     628";"   96528";"   52138";"   44390";"   96528";"       0"
"1094";"A043596";"2009MM09";"    2768";"    1358";"     677";"     681";"   92751";"   46108";"   46643";"   92751";"       0"
"1095";"A043596";"2009KW03";"    8141";"    4031";"    2011";"    2020";"  286180";"  142703";"  143477";"  286180";"       0"
"1096";"A043596";"2009MM10";"    2502";"    1375";"     689";"     686";"   85598";"   45817";"   39781";"   85515";"       0"
"1097";"A043596";"2009MM11";"    1925";"    1092";"     546";"     546";"   48318";"   25288";"   23030";"   48236";"       0"
"1098";"A043596";"2009MM12";"    1811";"    1052";"     531";"     521";"   53317";"   24627";"   28690";"   53317";"       0"
"1099";"A043596";"2009KW04";"    6238";"    3519";"    1766";"    1753";"  187233";"   95732";"   91501";"  187068";"       0"
"1100";"A043596";"2009JJ00";"   29302";"   15397";"    7691";"    7706";"  921840";"  461927";"  459913";"  921265";"       1"
"1101";"A043596";"2010MM01";"    1900";"    1169";"     580";"     589";"   59584";"   30537";"   29047";"   59005";"       0"
"1102";"A043596";"2010MM02";"    1899";"    1104";"     551";"     553";"   62210";"   29903";"   32307";"   62210";"       0"
"1103";"A043596";"2010MM03";"    2841";"    1246";"     623";"     623";"   72821";"   37539";"   35282";"   72821";"       0"
"1104";"A043596";"2010KW01";"    6640";"    3519";"    1754";"    1765";"  194615";"   97979";"   96636";"  194036";"       0"
"1105";"A043596";"2010MM04";"    2310";"     978";"     491";"     487";"   51759";"   23547";"   28212";"   51759";"       0"
"1106";"A043596";"2010MM05";"    2772";"    1373";"     688";"     685";"   96812";"   46976";"   49836";"   96812";"       0"
"1107";"A043596";"2010MM06";"    2977";"    1437";"     719";"     718";"   91026";"   47096";"   43930";"   91026";"       0"
"1108";"A043596";"2010KW02";"    8059";"    3788";"    1898";"    1890";"  239597";"  117619";"  121978";"  239597";"       0"
"1109";"A043596";"2010MM07";"    2807";"    1462";"     733";"     729";"  102749";"   46856";"   55893";"  102049";"       0"
"1110";"A043596";"2010MM08";"    2423";"    1345";"     675";"     670";"  103361";"   56300";"   47061";"  102519";"       0"
"1111";"A043596";"2010MM09";"    2668";"    1418";"     711";"     707";"  100099";"   49028";"   51071";"   99696";"       0"
"1112";"A043596";"2010KW03";"    7898";"    4225";"    2119";"    2106";"  306209";"  152184";"  154025";"  304264";"       0"
"1113";"A043596";"2010MM10";"    2583";"    1314";"     657";"     657";"   90641";"   48536";"   42105";"   90403";"       0"
"1114";"A043596";"2010MM11";"    1798";"     922";"     461";"     461";"   46200";"   24728";"   21472";"   46148";"       0"
"1115";"A043596";"2010MM12";"    1527";"     875";"     445";"     430";"   45307";"   20794";"   24513";"   44859";"       0"
"1116";"A043596";"2010KW04";"    5908";"    3111";"    1563";"    1548";"  182148";"   94058";"   88090";"  181410";"       0"
"1117";"A043596";"2010JJ00";"   28505";"   14643";"    7334";"    7309";"  922569";"  461840";"  460729";"  919307";"       0"
"1118";"A043596";"2011MM01";"    2071";"    1032";"     507";"     525";"   55386";"   28274";"   27112";"   55386";"       0"
"1119";"A043596";"2011MM02";"    2116";"    1095";"     546";"     549";"   59987";"   28896";"   31091";"   59987";"       0"
"1120";"A043596";"2011MM03";"    2706";"    1177";"     588";"     589";"   74158";"   38266";"   35892";"   74158";"       0"
"1121";"A043596";"2011KW01";"    6893";"    3304";"    1641";"    1663";"  189531";"   95436";"   94095";"  189531";"       0"
"1122";"A043596";"2011MM04";"    2596";"    1111";"     559";"     552";"   70982";"   32679";"   38303";"   70982";"       0"
"1123";"A043596";"2011MM05";"    2895";"    1510";"     754";"     756";"  112198";"   55129";"   57069";"  112198";"       0"
"1124";"A043596";"2011MM06";"    2705";"    1452";"     722";"     730";"  113303";"   57180";"   56123";"  112957";"       0"
"1125";"A043596";"2011KW02";"    8196";"    4073";"    2035";"    2038";"  296483";"  144988";"  151495";"  296137";"       0"
"1126";"A043596";"2011MM07";"    2650";"    1412";"     701";"     711";"  126815";"   59745";"   67070";"  126140";"       0"
"1127";"A043596";"2011MM08";"    2541";"    1360";"     677";"     683";"  120374";"   64557";"   55817";"  120017";"       0"
"1128";"A043596";"2011MM09";"    2789";"    1493";"     754";"     739";"  116872";"   58817";"   58055";"  116872";"       0"
"1129";"A043596";"2011KW03";"    7980";"    4265";"    2132";"    2133";"  364061";"  183119";"  180942";"  363029";"       0"
"1130";"A043596";"2011MM10";"    2609";"    1391";"     691";"     700";"  106423";"   56889";"   49534";"  106423";"       0"
"1131";"A043596";"2011MM11";"    1750";"     921";"     460";"     461";"   55243";"   28614";"   26629";"   55243";"       0"
"1132";"A043596";"2011MM12";"    1689";"     994";"     497";"     497";"   63461";"   29614";"   33847";"   63199";"       0"
"1133";"A043596";"2011KW04";"    6048";"    3306";"    1648";"    1658";"  225127";"  115117";"  110010";"  224865";"       0"
"1134";"A043596";"2011JJ00";"   29117";"   14948";"    7456";"    7492";" 1075202";"  538660";"  536542";" 1073562";"       0"
"1135";"A043596";"2012MM01";"    2027";"    1153";"     573";"     580";"   75066";"   38593";"   36473";"   75066";"       0"
"1136";"A043596";"2012MM02";"    2083";"    1159";"     577";"     582";"   78132";"   37891";"   40241";"   77992";"       0"
"1137";"A043596";"2012MM03";"    2518";"    1245";"     619";"     626";"   91418";"   47043";"   44375";"   91418";"       0"
"1138";"A043596";"2012KW01";"    6628";"    3557";"    1769";"    1788";"  244616";"  123527";"  121089";"  244476";"       0"
"1139";"A043596";"2012MM04";"    2139";"    1116";"     555";"     561";"   81633";"   38950";"   42683";"   81633";"       0"
"1140";"A043596";"2012MM05";"    2770";"    1485";"     741";"     744";"  121917";"   59897";"   62020";"  121917";"       0"
"1141";"A043596";"2012MM06";"    2552";"    1444";"     720";"     724";"  118269";"   59390";"   58879";"  117134";"       0"
"1142";"A043596";"2012KW02";"    7461";"    4045";"    2016";"    2029";"  321819";"  158237";"  163582";"  320684";"       0"
"1143";"A043596";"2012MM07";"    2714";"    1465";"     735";"     730";"  130946";"   61128";"   69818";"  129979";"       0"
"1144";"A043596";"2012MM08";"    2617";"    1435";"     736";"     699";"  130966";"   70158";"   60808";"  130365";"       0"
"1145";"A043596";"2012MM09";"    2572";"    1397";"     701";"     696";"  123655";"   62143";"   61512";"  123171";"       0"
"1146";"A043596";"2012KW03";"    7903";"    4297";"    2172";"    2125";"  385567";"  193429";"  192138";"  383515";"       0"
"1147";"A043596";"2012MM10";"    2416";"    1458";"     725";"     733";"  117840";"   62116";"   55724";"  117833";"       0"
"1148";"A043596";"2012MM11";"    1622";"     923";"     460";"     463";"   54121";"   28368";"   25753";"   54121";"       0"
"1149";"A043596";"2012MM12";"    1545";"     965";"     483";"     482";"   62576";"   28657";"   33919";"   62576";"       0"
"1150";"A043596";"2012KW04";"    5583";"    3346";"    1668";"    1678";"  234537";"  119141";"  115396";"  234530";"       0"
"1151";"A043596";"2012JJ00";"   27575";"   15245";"    7625";"    7620";" 1186539";"  594334";"  592205";" 1183205";"       0"
"1152";"A043596";"2013MM01";"    1898";"    1325";"     660";"     665";"   84234";"   43113";"   41121";"   84234";"       0"
"1153";"A043596";"2013MM02";"    2054";"    1273";"     638";"     635";"   90438";"   43511";"   46927";"   90438";"       0"
"1154";"A043596";"2013MM03";"    2412";"    1465";"     728";"     737";"  110486";"   56437";"   54049";"  110486";"       0"
"1155";"A043596";"2013KW01";"    6364";"    4063";"    2026";"    2037";"  285158";"  143061";"  142097";"  285158";"       0"
"1156";"A043596";"2013MM04";"    2679";"    1502";"     750";"     752";"  110862";"   52501";"   58361";"  110862";"       0"
"1157";"A043596";"2013MM05";"    2812";"    1855";"     919";"     936";"  160404";"   79382";"   81022";"  160404";"       0"
"1158";"A043596";"2013MM06";"    2846";"    1796";"     894";"     902";"  155446";"   77440";"   78006";"  154921";"       0"
"1159";"A043596";"2013KW02";"    8337";"    5153";"    2563";"    2590";"  426712";"  209323";"  217389";"  426187";"       0"
"1160";"A043596";"2013MM07";"    2948";"    1817";"     910";"     907";"  154817";"   72390";"   82427";"  152036";"       0"
"1161";"A043596";"2013MM08";"    2724";"    1683";"     831";"     852";"  155270";"   81355";"   73915";"  150615";"       0"
"1162";"A043596";"2013MM09";"    2776";"    1854";"     923";"     931";"  161155";"   82165";"   78990";"  159247";"       0"
"1163";"A043596";"2013KW03";"    8448";"    5354";"    2664";"    2690";"  471242";"  235910";"  235332";"  461898";"       0"
"1164";"A043596";"2013MM10";"    2566";"    1679";"     835";"     844";"  136930";"   72111";"   64819";"  135335";"       0"
"1165";"A043596";"2013MM11";"    1977";"    1255";"     625";"     630";"   81945";"   42700";"   39245";"   79326";"       0"
"1166";"A043596";"2013MM12";"    1805";"    1155";"     577";"     578";"   86585";"   40472";"   46113";"   84825";"       0"
"1167";"A043596";"2013KW04";"    6348";"    4089";"    2037";"    2052";"  305460";"  155283";"  150177";"  299486";"       0"
"1168";"A043596";"2013JJ00";"   29497";"   18659";"    9290";"    9369";" 1488572";"  743577";"  744995";" 1472729";"       0"
"1169";"A043596";"2014MM01";"    1991";"    1345";"     668";"     677";"   94277";"   48725";"   45552";"   92784";"       0"
"1170";"A043596";"2014MM02";"    2064";"    1358";"     675";"     683";"  106528";"   51772";"   54756";"  104768";"       0"
"1171";"A043596";"2014MM03";"    2611";"    1614";"     796";"     818";"  135230";"   69576";"   65654";"  132109";"       0"
"1172";"A043596";"2014KW01";"    6666";"    4317";"    2139";"    2178";"  336035";"  170073";"  165962";"  329661";"       0"
"1173";"A043596";"2014MM04";"    2491";"    1556";"     775";"     781";"  135401";"   63337";"   72064";"  131975";"       0"
"1174";"A043596";"2014MM05";"    2874";"    1802";"     899";"     903";"  171860";"   85735";"   86125";"  169682";"       0"
"1175";"A043596";"2014MM06";"    2931";"    1822";"     907";"     915";"  169860";"   86198";"   83662";"  169640";"       0"
"1176";"A043596";"2014KW02";"    8296";"    5180";"    2581";"    2599";"  477121";"  235270";"  241851";"  471297";"       0"
"1177";"A043596";"2014MM07";"    2603";"    1725";"     862";"     863";"  147262";"   67043";"   80219";"  144796";"       0"
"1178";"A043596";"2014MM08";"    2353";"    1581";"     778";"     803";"  153111";"   80810";"   72301";"  149026";"       0"
"1179";"A043596";"2014MM09";"    2892";"    1891";"     949";"     942";"  175449";"   88864";"   86585";"  173494";"       0"
"1180";"A043596";"2014KW03";"    7848";"    5197";"    2589";"    2608";"  475822";"  236717";"  239105";"  467316";"       0"
"1181";"A043596";"2014MM10";"    2432";"    1701";"     843";"     858";"  158138";"   83232";"   74906";"  156860";"       0"
"1182";"A043596";"2014MM11";"    1862";"    1173";"     584";"     589";"   82604";"   43055";"   39549";"   82604";"       0"
"1183";"A043596";"2014MM12";"    1722";"    1222";"     618";"     604";"   95157";"   44167";"   50990";"   94708";"       0"
"1184";"A043596";"2014KW04";"    6016";"    4096";"    2045";"    2051";"  335899";"  170454";"  165445";"  334172";"       0"
"1185";"A043596";"2014JJ00";"   28826";"   18790";"    9354";"    9436";" 1624877";"  812514";"  812363";" 1602446";"       0"
"1186";"A043596";"2015MM01";"    1602";"    1144";"     570";"     574";"   84735";"   43775";"   40960";"   84582";"       0"
"1187";"A043596";"2015MM02";"    1864";"    1263";"     632";"     631";"  102424";"   49394";"   53030";"  101790";"       0"
"1188";"A043596";"2015MM03";"    2348";"    1530";"     766";"     764";"  126737";"   65385";"   61352";"  125849";"       0"
"1189";"A043596";"2015KW01";"    5814";"    3937";"    1968";"    1969";"  313896";"  158554";"  155342";"  312221";"       0"
"1190";"A043596";"2015MM04";"    2596";"    1629";"     816";"     813";"  134281";"   62045";"   72236";"  131289";"       0"
"1191";"A043596";"2015MM05";"    2952";"    1958";"     975";"     983";"  190641";"   95368";"   95273";"  187591";"       0"
"1192";"A043596";"2015MM06";"    3141";"    1991";"     996";"     995";"  180298";"   90135";"   90163";"  177952";"       0"
"1193";"A043596";"2015KW02";"    8689";"    5578";"    2787";"    2791";"  505220";"  247548";"  257672";"  496832";"       0"
"1194";"A043596";"2015MM07";"    2792";"    1781";"     886";"     895";"  155964";"   70204";"   85760";"  152700";"       0"
"1195";"A043596";"2015MM08";"    2678";"    1688";"     840";"     848";"  163847";"   88826";"   75021";"  159100";"       0"
"1196";"A043596";"2015MM09";"    2880";"    1950";"     977";"     973";"  178517";"   90050";"   88467";"  175359";"       0"
"1197";"A043596";"2015KW03";"    8350";"    5419";"    2703";"    2716";"  498328";"  249080";"  249248";"  487159";"       0"
"1198";"A043596";"2015MM10";"    2607";"    1738";"     861";"     877";"  152978";"   80438";"   72540";"  150170";"       0"
"1199";"A043596";"2015MM11";"    1845";"    1223";"     611";"     612";"   85191";"   45535";"   39656";"   85191";"       0"
"1200";"A043596";"2015MM12";"    1839";"    1127";"     569";"     558";"   83770";"   39679";"   44091";"   83466";"       0"
"1201";"A043596";"2015KW04";"    6291";"    4088";"    2041";"    2047";"  321939";"  165652";"  156287";"  318827";"       0"
"1202";"A043596";"2015JJ00";"   29144";"   19022";"    9499";"    9523";" 1639383";"  820834";"  818549";" 1615039";"       0"
"1203";"A043596";"2016MM01";"    1670";"    1164";"     576";"     588";"   88519";"   45699";"   42820";"   87969";"       0"
"1204";"A043596";"2016MM02";"    2072";"    1399";"     698";"     701";"  106972";"   52229";"   54743";"  106516";"       0"
"1205";"A043596";"2016MM03";"    2478";"    1607";"     804";"     803";"  127991";"   64426";"   63565";"  127670";"       0"
"1206";"A043596";"2016KW01";"    6220";"    4170";"    2078";"    2092";"  323482";"  162354";"  161128";"  322155";"       0"
"1207";"A043596";"2016MM04";"    2575";"    1646";"     822";"     824";"  138051";"   63706";"   74345";"  135060";"       0"
"1208";"A043596";"2016MM05";"    2891";"    1909";"     949";"     960";"  184418";"   93465";"   90953";"  181699";"       0"
"1209";"A043596";"2016MM06";"    2836";"    1867";"     927";"     940";"  176708";"   87930";"   88778";"  174172";"       0"
"1210";"A043596";"2016KW02";"    8302";"    5422";"    2698";"    2724";"  499177";"  245101";"  254076";"  490931";"       0"
"1211";"A043596";"2016MM07";"    2785";"    1765";"     882";"     883";"  162493";"   74515";"   87978";"  159890";"       0"
"1212";"A043596";"2016MM08";"    2722";"    1723";"     859";"     864";"  161398";"   85739";"   75659";"  158747";"       0"
"1213";"A043596";"2016MM09";"    2899";"    1872";"     928";"     944";"  168984";"   85312";"   83672";"  166351";"       0"
"1214";"A043596";"2016KW03";"    8406";"    5360";"    2669";"    2691";"  492875";"  245566";"  247309";"  484988";"       0"
"1215";"A043596";"2016MM10";"    2596";"    1718";"     857";"     861";"  142815";"   74663";"   68152";"  140076";"       0"
"1216";"A043596";"2016MM11";"    1888";"    1213";"     607";"     606";"   93856";"   48098";"   45758";"   93806";"       0"
"1217";"A043596";"2016MM12";"    1745";"    1172";"     583";"     589";"   91788";"   42944";"   48844";"   91738";"       0"
"1218";"A043596";"2016KW04";"    6229";"    4103";"    2047";"    2056";"  328459";"  165705";"  162754";"  325620";"       0"
"1219";"A043596";"2016JJ00";"   29157";"   19055";"    9492";"    9563";" 1643993";"  818726";"  825267";" 1623694";"       0"
"1220";"A043596";"2017MM01";"    1844";"    1179";"     586";"     593";"   99803";"   50465";"   49338";"   99803";"       0"
"1221";"A043596";"2017MM02";"    1797";"    1167";"     587";"     580";"  100103";"   47975";"   52128";"  100034";"       0"
"1222";"A043596";"2017MM03";"    2217";"    1327";"     655";"     672";"  121428";"   62047";"   59381";"  121329";"       0"
"1223";"A043596";"2017KW01";"    5858";"    3673";"    1828";"    1845";"  321334";"  160487";"  160847";"  321166";"       0"
"1224";"A043596";"2017MM04";"    2386";"    1434";"     723";"     711";"  153870";"   72466";"   81404";"  148860";"       0"
"1225";"A043596";"2017MM05";"    2765";"    1718";"     856";"     862";"  190720";"   95023";"   95697";"  185839";"       0"
"1226";"A043596";"2017MM06";"    2713";"    1597";"     792";"     805";"  186491";"   92354";"   94137";"  183160";"       0"
"1227";"A043596";"2017KW02";"    7864";"    4749";"    2371";"    2378";"  531081";"  259843";"  271238";"  517859";"       0"
"1228";"A043596";"2017MM07";"    2526";"    1575";"     781";"     794";"  193211";"   89801";"  103410";"  186801";"       0"
"1229";"A043596";"2017MM08";"    2520";"    1564";"     779";"     785";"  195301";"  102032";"   93269";"  187308";"       0"
"1230";"A043596";"2017MM09";"    2366";"    1536";"     765";"     771";"  188847";"   95455";"   93392";"  184290";"       0"
"1231";"A043596";"2017KW03";"    7412";"    4675";"    2325";"    2350";"  577359";"  287288";"  290071";"  558399";"       0"
"1232";"A043596";"2017MM10";"    2280";"    1473";"     731";"     742";"  157992";"   82035";"   75957";"  154210";"       0"
"1233";"A043596";"2017MM11";"    1489";"     848";"     421";"     427";"   70941";"   37052";"   33889";"   67360";"       0"
"1234";"A043596";"2017MM12";"    1346";"     852";"     423";"     429";"   73985";"   34776";"   39209";"   72207";"       0"
"1235";"A043596";"2017KW04";"    5115";"    3173";"    1575";"    1598";"  302918";"  153863";"  149055";"  293777";"       0"
"1236";"A043596";"2017JJ00";"   26249";"   16270";"    8099";"    8171";" 1732692";"  861481";"  871211";" 1691201";"       0"
"1237";"A043596";"2018MM01";"    1558";"     988";"     493";"     495";"   89021";"   45124";"   43897";"   86830";"     228"
"1238";"A043596";"2018MM02";"    1821";"     988";"     498";"     490";"   88493";"   42614";"   45879";"   87155";"       0"
"1239";"A043596";"2018MM03";"    2087";"    1198";"     597";"     601";"  121533";"   61646";"   59887";"  119180";"       0"
"1240";"A043596";"2018KW01";"    5466";"    3174";"    1588";"    1586";"  299047";"  149384";"  149663";"  293165";"     228"
"1241";"A043596";"2018MM04";"    2455";"    1461";"     733";"     728";"  144208";"   66040";"   78168";"  139027";"       0"
"1242";"A043596";"2018MM05";"    3105";"    1964";"     971";"     993";"  221150";"  109712";"  111438";"  216789";"       0"
"1243";"A043596";"2018MM06";"    3225";"    1921";"     953";"     968";"  217739";"  107243";"  110496";"  213558";"       0"
"1244";"A043596";"2018KW02";"    8785";"    5346";"    2657";"    2689";"  583097";"  282995";"  300102";"  569374";"       0"
"1245";"A043596";"2018MM07";"    3126";"    1897";"     951";"     946";"  230635";"  106713";"  123922";"  223614";"     251"
"1246";"A043596";"2018MM08";"    2804";"    1864";"     924";"     940";"  232799";"  122246";"  110553";"  226649";"       0"
"1247";"A043596";"2018MM09";"    2920";"    1879";"     939";"     940";"  223027";"  112043";"  110984";"  217909";"       0"
"1248";"A043596";"2018KW03";"    8850";"    5640";"    2814";"    2826";"  686461";"  341002";"  345459";"  668172";"     251"
"1249";"A043596";"2018MM10";"    2768";"    1763";"     877";"     886";"  193930";"  102562";"   91368";"  187049";"       0"
"1250";"A043596";"2018MM11";"    1705";"     884";"     440";"     444";"   73245";"   37959";"   35286";"   69196";"       0"
"1251";"A043596";"2018MM12";"    1373";"     808";"     402";"     406";"   72378";"   33519";"   38859";"   68617";"       0"
"1252";"A043596";"2018KW04";"    5846";"    3455";"    1719";"    1736";"  339553";"  174040";"  165513";"  324862";"       0"
"1253";"A043596";"2018JJ00";"   28947";"   17615";"    8778";"    8837";" 1908158";"  947421";"  960737";" 1855573";"     479"
"1254";"A043596";"2019MM01";"    1607";"     938";"     471";"     467";"   84056";"   42870";"   41186";"   79966";"       0"
"1255";"A043596";"2019MM02";"    1858";"     978";"     491";"     487";"   95420";"   45623";"   49797";"   91161";"       0"
"1256";"A043596";"2019MM03";"    2138";"    1286";"     642";"     644";"  137683";"   70235";"   67448";"  130992";"       0"
"1257";"A043596";"2019KW01";"    5603";"    3202";"    1604";"    1598";"  317159";"  158728";"  158431";"  302119";"       0"
"1258";"A043596";"2019MM04";"    2642";"    1556";"     782";"     774";"  169142";"   77152";"   91990";"  159234";"       0"
"1259";"A043596";"2019MM05";"    3194";"    2011";"    1000";"    1011";"  227437";"  112360";"  115077";"  221218";"       0"
"1260";"A043596";"2019MM06";"    3197";"    1943";"     974";"     969";"  240069";"  118538";"  121531";"  231448";"       0"
"1261";"A043596";"2019KW02";"    9033";"    5510";"    2756";"    2754";"  636648";"  308050";"  328598";"  611900";"       0"
"1262";"A043596";"2019MM07";"    3212";"    2039";"    1017";"    1022";"  251074";"  113281";"  137793";"  238037";"       0"
"1263";"A043596";"2019MM08";"    3185";"    2099";"    1045";"    1054";"  269858";"  142244";"  127614";"  252335";"       0"
"1264";"A043596";"2019MM09";"    3020";"    1997";"    1003";"     994";"  240606";"  122672";"  117934";"  229982";"       0"
"1265";"A043596";"2019KW03";"    9417";"    6135";"    3065";"    3070";"  761538";"  378197";"  383341";"  720354";"       0"
"1266";"A043596";"2019MM10";"    2739";"    1771";"     885";"     886";"  198592";"  107016";"   91576";"  187377";"       0"
"1267";"A043596";"2019MM11";"    1769";"     910";"     454";"     456";"   91748";"   48123";"   43625";"   83215";"       0"
"1268";"A043596";"2019MM12";"    1539";"     878";"     439";"     439";"   89113";"   41797";"   47316";"   81414";"       0"
"1269";"A043596";"2019KW04";"    6047";"    3559";"    1778";"    1781";"  379453";"  196936";"  182517";"  352006";"       0"
"1270";"A043596";"2019JJ00";"   30100";"   18406";"    9203";"    9203";" 2094798";" 1041911";" 1052887";" 1986379";"       0"
"1271";"A043596";"2020MM01";"    1607";"     963";"     481";"     482";"   99080";"   51119";"   47961";"   90361";"       0"
"1272";"A043596";"2020MM02";"    1640";"    1031";"     506";"     525";"  104062";"   49988";"   54074";"   97069";"       0"
"1273";"A043596";"2020MM03";"    1500";"     748";"     369";"     379";"   62870";"   36664";"   26206";"   57788";"       0"
"1274";"A043596";"2020KW01";"    4747";"    2742";"    1356";"    1386";"  266012";"  137771";"  128241";"  245218";"       0"
"1275";"A043596";"2020MM04";"     570";"      41";"      17";"      24";"       0";"       0";"       0";"       0";"       0"
"1276";"A043596";"2020MM05";"     932";"      46";"      19";"      27";"     134";"      78";"      56";"     134";"       0"
"1277";"A043596";"2020MM06";"    1160";"     168";"      80";"      88";"    7971";"    2072";"    5899";"    7971";"       0"
"1278";"A043596";"2020KW02";"    2662";"     255";"     116";"     139";"    8105";"    2150";"    5955";"    8105";"       0"
"1279";"A043596";"2020MM07";"    2152";"    1032";"     522";"     510";"   78468";"   32511";"   45957";"   78468";"       0"
"1280";"A043596";"2020MM08";"    2087";"    1071";"     527";"     544";"   74047";"   41749";"   32298";"   74047";"       0"
"1281";"A043596";"2020MM09";"    1811";"     635";"     315";"     320";"   32047";"   17087";"   14960";"   31135";"       0"
"1282";"A043596";"2020KW03";"    6050";"    2738";"    1364";"    1374";"  184562";"   91347";"   93215";"  183650";"       0"
"1283";"A043596";"2020MM10";"    1139";"     353";"     176";"     177";"   21811";"   11445";"   10366";"   19216";"       0"
"1284";"A043596";"2020MM11";"     898";"     134";"      62";"      72";"    4761";"    2639";"    2122";"    2365";"       0"
"1285";"A043596";"2020MM12";"     623";"     115";"      63";"      52";"    4590";"    1940";"    2650";"     325";"       0"
"1286";"A043596";"2020KW04";"    2660";"     602";"     301";"     301";"   31162";"   16024";"   15138";"   21906";"       0"
"1287";"A043596";"2020JJ00";"   16119";"    6337";"    3137";"    3200";"  489841";"  247292";"  242549";"  458879";"       0"
"1288";"A043596";"2021MM01";"     753";"     181";"      83";"      98";"    3311";"    2053";"    1258";"      34";"       0"
"1289";"A043596";"2021MM02";"     714";"     144";"      74";"      70";"    2871";"    1508";"    1363";"       0";"       0"
"1290";"A043596";"2021MM03";"     972";"     185";"      88";"      97";"      98";"      57";"      41";"      98";"       0"
"1291";"A043596";"2021KW01";"    2439";"     510";"     245";"     265";"    6280";"    3618";"    2662";"     132";"       0"
"1292";"A043596";"2021MM04";"    1239";"     195";"     100";"      95";"    1945";"     642";"    1303";"    1945";"       0"
"1293";"A043596";"2021MM05";"    1263";"     267";"     132";"     135";"    8912";"    4045";"    4867";"    8912";"       0"
"1294";"A043596";"2021MM06";"    1700";"     579";"     289";"     290";"   39309";"   15981";"   23328";"   33826";"       0"
"1295";"A043596";"2021KW02";"    4202";"    1041";"     521";"     520";"   50166";"   20668";"   29498";"   44683";"       0"
"1296";"A043596";"2021MM07";"    2406";"    1312";"     666";"     646";"  113882";"   45390";"   68492";"   98923";"       0"
"1297";"A043596";"2021MM08";"    2665";"    1516";"     749";"     767";"  181957";"   98121";"   83836";"  164739";"       0"
"1298";"A043596";"2021MM09";"    2630";"    1410";"     706";"     704";"  167169";"   84608";"   82561";"  158465";"       0"
"1299";"A043596";"2021KW03";"    7701";"    4238";"    2121";"    2117";"  463008";"  228119";"  234889";"  422127";"       0"
"1300";"A043596";"2021MM10";"    2367";"    1303";"     643";"     660";"  147368";"   78845";"   68523";"  141726";"       0"
"1301";"A043596";"2021MM11";"    1502";"     674";"     331";"     343";"   48278";"   26319";"   21959";"   48278";"       0"
"1302";"A043596";"2021MM12";"    1060";"     541";"     285";"     256";"   40295";"   15463";"   24832";"   40295";"       0"
"1303";"A043596";"2021KW04";"    4929";"    2518";"    1259";"    1259";"  235941";"  120627";"  115314";"  230299";"       0"
"1304";"A043596";"2021JJ00";"   19271";"    8307";"    4146";"    4161";"  755395";"  373032";"  382363";"  697241";"       0"
"1305";"A043596";"2022MM01";"    1437";"     734";"     356";"     378";"   58903";"   31498";"   27405";"   58903";"       0"
"1306";"A043596";"2022MM02";"    1514";"     699";"     361";"     338";"   63510";"   28697";"   34813";"   62829";"       0"
"1307";"A043596";"2022MM03";"    2461";"     989";"     485";"     504";"  101163";"   52056";"   49107";"   96857";"       0"
"1308";"A043596";"2022KW01";"    5412";"    2422";"    1202";"    1220";"  223576";"  112251";"  111325";"  218589";"       0"
"1309";"A043596";"2022MM04";"    2733";"    1437";"     721";"     716";"  139308";"   62282";"   77026";"  135457";"      38"
"1310";"A043596";"2022MM05";"    3412";"    1974";"     979";"     995";"  224714";"  111325";"  113389";"  214554";"       0"
"1311";"A043596";"2022MM06";"    3368";"    1858";"     931";"     927";"  224069";"  107372";"  116697";"  211028";"       0"
"1312";"A043596";"2022KW02";"    9513";"    5269";"    2631";"    2638";"  588091";"  280979";"  307112";"  561039";"      38"
"1313";"A043596";"2022MM07";"    3884";"    2465";"    1251";"    1214";"  312468";"  139595";"  172873";"  286338";"       0"
"1314";"A043596";"2022MM08";"    3628";"    2353";"    1164";"    1189";"  305371";"  164241";"  141130";"  279646";"       0"
"1315";"A043596";"2022MM09";"    3191";"    1927";"     967";"     960";"  226890";"  114436";"  112454";"  212330";"       0"
"1316";"A043596";"2022KW03";"   10703";"    6745";"    3382";"    3363";"  844729";"  418272";"  426457";"  778314";"       0"
"1317";"A043596";"2022MM10";"    3105";"    1914";"     950";"     964";"  232223";"  120235";"  111988";"  218824";"       0"
"1318";"A043596";"2022MM11";"    1930";"    1037";"     514";"     523";"  116089";"   60030";"   56059";"   98454";"       0"
"1319";"A043596";"2022MM12";"    1636";"     996";"     502";"     494";"  108634";"   49986";"   58648";"   91938";"       0"
"1320";"A043596";"2022KW04";"    6671";"    3947";"    1966";"    1981";"  456946";"  230251";"  226695";"  409216";"       0"
"1321";"A043596";"2022JJ00";"   32299";"   18383";"    9181";"    9202";" 2113342";" 1041753";" 1071589";" 1967158";"      38"
"1322";"A043596";"2023MM01";"    1840";"    1052";"     521";"     531";"  113614";"   57780";"   55834";"  100578";"       0"
"1323";"A043596";"2023MM02";"    2059";"    1108";"     557";"     551";"  123054";"   57968";"   65086";"  110767";"       0"
"1324";"A043596";"2023MM03";"    2516";"    1455";"     725";"     730";"  168396";"   85668";"   82728";"  153435";"       0"
"1325";"A043596";"2023KW01";"    6415";"    3615";"    1803";"    1812";"  405064";"  201416";"  203648";"  364780";"       0"
"1326";"A043596";"2023MM04";"    2712";"    1469";"     739";"     730";"  165235";"   74919";"   90316";"  157863";"       0"
"1327";"A043596";"2023MM05";"    3335";"    1851";"     920";"     931";"  234535";"  117182";"  117353";"  219786";"       0"
"1328";"A043596";"2023MM06";"    3465";"    1826";"     914";"     912";"  223911";"  109730";"  114181";"  210856";"       0"
"1329";"A043596";"2023KW02";"    9512";"    5146";"    2573";"    2573";"  623681";"  301831";"  321850";"  588505";"       0"
"1330";"A043596";"2023MM07";"    3313";"    2025";"    1011";"    1014";"  260281";"  121508";"  138773";"  243259";"       0"
"1331";"A043596";"2023MM08";"    3225";"    1962";"     966";"     996";"  260788";"  137880";"  122908";"  241671";"       0"
"1332";"A043596";"2023MM09";"    3121";"    1880";"     937";"     943";"  242114";"  122507";"  119607";"  228932";"       0"
"1333";"A043596";"2023KW03";"    9659";"    5867";"    2914";"    2953";"  763183";"  381895";"  381288";"  713862";"       0"
"1334";"A043596";"2023MM10";"    2694";"    1717";"     858";"     859";"  210975";"  111722";"   99253";"  196811";"       0"
"1335";"A043596";"2023MM11";"    1629";"     937";"     467";"     470";"  102953";"   53759";"   49194";"   88697";"       0"
"1336";"A043596";"2023MM12";"    1708";"    1078";"     544";"     534";"  118749";"   55868";"   62881";"  102431";"       0"
"1337";"A043596";"2023KW04";"    6031";"    3732";"    1869";"    1863";"  432677";"  221349";"  211328";"  387939";"       0"
"1338";"A043596";"2023JJ00";"   31617";"   18360";"    9159";"    9201";" 2224605";" 1106491";" 1118114";" 2055086";"       0"
"1339";"A043596";"2024MM01";"    1917";"    1070";"     524";"     546";"  122339";"   63009";"   59330";"  107111";"       0"
"1340";"A043596";"2024MM02";"    2029";"    1211";"     605";"     606";"  135742";"   66177";"   69565";"  119944";"       0"
"1341";"A043596";"2024MM03";"    2357";"    1262";"     631";"     631";"  145302";"   73701";"   71601";"  133494";"       0"
"1342";"A043596";"2024KW01";"    6303";"    3543";"    1760";"    1783";"  403383";"  202887";"  200496";"  360549";"       0"
"1343";"A043596";"2024MM04";"    2513";"    1497";"     742";"     755";"  172679";"   79760";"   92919";"  159755";"       0"
"1344";"A043596";"2024MM05";"    2961";"    1785";"     899";"     886";"  229894";"  115728";"  114166";"  215128";"       0"
"1345";"A043596";"2024MM06";"    3101";"    1750";"     876";"     874";"  229999";"  112806";"  117193";"  216655";"       0"
"1346";"A043596";"2024KW02";"    8575";"    5032";"    2517";"    2515";"  632572";"  308294";"  324278";"  591538";"       0"
"1347";"A043596";"2024MM07";"    3323";"    2050";"    1025";"    1025";"  258353";"  114437";"  143916";"  230856";"       0"
"1348";"A043596";"2024MM08";"    3215";"    1924";"     951";"     973";"  255353";"  137967";"  117386";"  225438";"       0"
"1349";"A043596";"2024MM09";"    3083";"    1882";"     937";"     945";"  244923";"  126649";"  118274";"  227649";"       0"
"1350";"A043596";"2024KW03";"    9621";"    5856";"    2913";"    2943";"  758629";"  379053";"  379576";"  683943";"       0"
"1351";"A043596";"2024MM10";"    2730";"    1620";"     808";"     812";"  202662";"  104843";"   97819";"  185971";"       0"
"1352";"A043596";"2024MM11";"    1812";"    1061";"     522";"     539";"  121085";"   65741";"   55344";"  103318";"       0"
"1353";"A043596";"2024MM12";"    1688";"    1070";"     541";"     529";"  120888";"   56213";"   64675";"  101696";"       0"
"1354";"A043596";"2024KW04";"    6230";"    3751";"    1871";"    1880";"  444635";"  226797";"  217838";"  390985";"       0"
"1355";"A043596";"2024JJ00";"   30729";"   18182";"    9061";"    9121";" 2239219";" 1117031";" 1122188";" 2027015";"       0"
"1356";"A043596";"2025MM01";"    1944";"    1130";"     564";"     566";"  129578";"   68190";"   61388";"  112184";"       0"
"1357";"A043596";"2025MM02";"    2064";"    1085";"     547";"     538";"  134517";"   65407";"   69110";"  120604";"       0"
"1358";"A043596";"2025MM03";"    2664";"    1253";"     620";"     633";"  149530";"   77903";"   71627";"  142675";"       0"
"1359";"A043596";"2025KW01";"    6672";"    3468";"    1731";"    1737";"  413625";"  211500";"  202125";"  375463";"       0"
"1360";"A043596";"2025MM04";"    2966";"    1514";"     762";"     752";"  194366";"   87971";"  106395";"  175958";"       0"
"1361";"A043596";"2025MM05";"    3289";"    1860";"     925";"     935";"  243146";"  120519";"  122627";"  227435";"       0"
"1362";"A043596";"2025MM06";"    3204";"    1767";"     869";"     898";"  239577";"  118834";"  120743";"  224572";"       0"
"1363";"A043596";"2025KW02";"    9459";"    5141";"    2556";"    2585";"  677089";"  327324";"  349765";"  627965";"       0"
"1364";"A043596";"2025MM07";"    3396";"    1986";"    1004";"     982";"  264323";"  117019";"  147304";"  242080";"       0"
"1365";"A043596";"2025MM08";"    3498";"    2061";"    1014";"    1047";"  284495";"  152975";"  131520";"  260298";"       0"
"1366";"A043596";"2025MM09";"    3064";"    1896";"     947";"     949";"  249742";"  128510";"  121232";"  231785";"       0"
"1367";"A043596";"2025KW03";"    9958";"    5943";"    2965";"    2978";"  798560";"  398504";"  400056";"  734163";"       0"
"1368";"A043591";"1997JJ00";"   20469";"   14511";"    7252";"    7259";"  268965";"  126461";"  142504";"  268951";"       0"
"1369";"A043591";"1998JJ00";"   18392";"   13380";"    6615";"    6765";"  285208";"  132931";"  152277";"  285206";"       0"
"1370";"A043591";"1999MM01";"    1350";"     991";"     488";"     503";"   16511";"    7906";"    8605";"   16331";"       0"
"1371";"A043591";"1999MM02";"    1272";"     944";"     468";"     476";"   17315";"    8086";"    9229";"   17315";"       0"
"1372";"A043591";"1999MM03";"    1655";"    1200";"     599";"     601";"   20933";"    9778";"   11155";"   20933";"       0"
"1373";"A043591";"1999KW01";"    4277";"    3135";"    1555";"    1580";"   54759";"   25770";"   28989";"   54579";"       0"
"1374";"A043591";"1999MM04";"    1731";"    1214";"     603";"     611";"   21391";"    9666";"   11725";"   21391";"       0"
"1375";"A043591";"1999MM05";"    1737";"    1232";"     617";"     615";"   27936";"   12939";"   14997";"   27936";"       0"
"1376";"A043591";"1999MM06";"    1889";"    1316";"     657";"     659";"   28770";"   12902";"   15868";"   28770";"       0"
"1377";"A043591";"1999KW02";"    5357";"    3762";"    1877";"    1885";"   78097";"   35507";"   42590";"   78097";"       0"
"1378";"A043591";"1999MM07";"    1795";"    1291";"     646";"     645";"   28296";"   12029";"   16267";"   27501";"       0"
"1379";"A043591";"1999MM08";"    1572";"    1207";"     601";"     606";"   25783";"   13342";"   12441";"   25782";"       0"
"1380";"A043591";"1999MM09";"    1875";"    1333";"     664";"     669";"   31621";"   14981";"   16640";"   31621";"       0"
"1381";"A043591";"1999KW03";"    5242";"    3831";"    1911";"    1920";"   85700";"   40352";"   45348";"   84904";"       0"
"1382";"A043591";"1999MM10";"    1751";"    1275";"     630";"     645";"   27241";"   13043";"   14198";"   27077";"       0"
"1383";"A043591";"1999MM11";"    1787";"    1351";"     676";"     675";"   24221";"   11755";"   12466";"   24221";"       0"
"1384";"A043591";"1999MM12";"    1419";"    1076";"     536";"     540";"   18276";"    9041";"    9235";"   18276";"       0"
"1385";"A043591";"1999KW04";"    4957";"    3702";"    1842";"    1860";"   69738";"   33839";"   35899";"   69574";"       0"
"1386";"A043591";"1999JJ00";"   19833";"   14430";"    7185";"    7245";"  288294";"  135468";"  152826";"  287154";"       0"
"1387";"A043591";"2000MM01";"    1572";"    1237";"     619";"     618";"   18799";"    9012";"    9787";"   18799";"       0"
"1388";"A043591";"2000MM02";"    1739";"    1323";"     660";"     663";"   22568";"   10778";"   11790";"   22568";"       0"
"1389";"A043591";"2000MM03";"    1797";"    1395";"     697";"     698";"   24254";"   11826";"   12428";"   24254";"       0"
"1390";"A043591";"2000KW01";"    5108";"    3955";"    1976";"    1979";"   65621";"   31616";"   34005";"   65621";"       0"
"1391";"A043591";"2000MM04";"    1641";"    1298";"     650";"     648";"   22562";"   10454";"   12108";"   22562";"       0"
"1392";"A043591";"2000MM05";"    1994";"    1595";"     798";"     797";"   38513";"   17840";"   20673";"   38513";"       0"
"1393";"A043591";"2000MM06";"    1871";"    1454";"     728";"     726";"   35472";"   17122";"   18350";"   35472";"       0"
"1394";"A043591";"2000KW02";"    5506";"    4347";"    2176";"    2171";"   96547";"   45416";"   51131";"   96547";"       0"
"1395";"A043591";"2000MM07";"    1687";"    1388";"     696";"     692";"   30039";"   13620";"   16419";"   30039";"       0"
"1396";"A043591";"2000MM08";"    1836";"    1463";"     730";"     733";"   32147";"   16483";"   15664";"   32147";"       0"
"1397";"A043591";"2000MM09";"    1815";"    1441";"     722";"     719";"   40756";"   19346";"   21410";"   40756";"       0"
"1398";"A043591";"2000KW03";"    5338";"    4292";"    2148";"    2144";"  102942";"   49449";"   53493";"  102942";"       0"
"1399";"A043591";"2000MM10";"    1786";"    1440";"     721";"     719";"   35307";"   18146";"   17161";"   35307";"       0"
"1400";"A043591";"2000MM11";"    1551";"    1237";"     617";"     620";"   23489";"   11299";"   12190";"   23489";"       0"
"1401";"A043591";"2000MM12";"    1160";"     903";"     449";"     454";"   16700";"    7907";"    8793";"   16700";"       0"
"1402";"A043591";"2000KW04";"    4497";"    3580";"    1787";"    1793";"   75496";"   37352";"   38144";"   75496";"       0"
"1403";"A043591";"2000JJ00";"   20449";"   16174";"    8087";"    8087";"  340606";"  163833";"  176773";"  340606";"       0"
"1404";"A043591";"2001MM01";"    1518";"    1158";"     574";"     584";"   19659";"    9259";"   10400";"   19659";"       0"
"1405";"A043591";"2001MM02";"    1381";"    1077";"     533";"     544";"   20069";"    9427";"   10642";"   20069";"       0"
"1406";"A043591";"2001MM03";"    1558";"    1240";"     617";"     623";"   23388";"   11277";"   12111";"   23388";"       0"
"1407";"A043591";"2001KW01";"    4457";"    3475";"    1724";"    1751";"   63116";"   29963";"   33153";"   63116";"       0"
"1408";"A043591";"2001MM04";"    1086";"     798";"     398";"     400";"   19367";"    8771";"   10596";"   19367";"       0"
"1409";"A043591";"2001MM05";"    1305";"     901";"     450";"     451";"   32241";"   14929";"   17312";"   32241";"       0"
"1410";"A043591";"2001MM06";"    1248";"     917";"     456";"     461";"   27761";"   13647";"   14114";"   27761";"       0"
"1411";"A043591";"2001KW02";"    3639";"    2616";"    1304";"    1312";"   79369";"   37347";"   42022";"   79369";"       0"
"1412";"A043591";"2001MM07";"    1260";"     933";"     465";"     468";"   26983";"   12050";"   14933";"   26525";"     458"
"1413";"A043591";"2001MM08";"    1278";"     996";"     499";"     497";"   26097";"   13240";"   12857";"   26097";"       0"
"1414";"A043591";"2001MM09";"    1302";"     958";"     477";"     481";"   29447";"   13641";"   15806";"   29447";"       0"
"1415";"A043591";"2001KW03";"    3840";"    2887";"    1441";"    1446";"   82527";"   38931";"   43596";"   82069";"     458"
"1416";"A043591";"2001MM10";"    1365";"     993";"     496";"     497";"   25727";"   13174";"   12553";"   25727";"       0"
"1417";"A043591";"2001MM11";"    1148";"     803";"     398";"     405";"   16638";"    7840";"    8798";"   16638";"       0"
"1418";"A043591";"2001MM12";"     779";"     573";"     289";"     284";"   11140";"    5534";"    5606";"   11140";"       0"
"1419";"A043591";"2001KW04";"    3292";"    2369";"    1183";"    1186";"   53505";"   26548";"   26957";"   53505";"       0"
"1420";"A043591";"2001JJ00";"   15228";"   11347";"    5652";"    5695";"  278517";"  132789";"  145728";"  278059";"     458"
"1421";"A043591";"2002MM01";"    1059";"     834";"     416";"     418";"   14251";"    6800";"    7451";"   14251";"       0"
"1422";"A043591";"2002MM02";"    1085";"     776";"     388";"     388";"   16430";"    7797";"    8633";"   16430";"       0"
"1423";"A043591";"2002MM03";"    1189";"     837";"     418";"     419";"   19598";"    9270";"   10328";"   19598";"       0"
"1424";"A043591";"2002KW01";"    3333";"    2447";"    1222";"    1225";"   50279";"   23867";"   26412";"   50279";"       0"
"1425";"A043591";"2002MM04";"    1230";"     929";"     465";"     464";"   31620";"   14837";"   16783";"   31620";"       0"
"1426";"A043591";"2002MM05";"    1261";"     958";"     476";"     482";"   40153";"   19664";"   20489";"   40153";"       0"
"1427";"A043591";"2002MM06";"    1277";"     923";"     462";"     461";"   38311";"   19515";"   18796";"   38311";"       0"
"1428";"A043591";"2002KW02";"    3768";"    2810";"    1403";"    1407";"  110084";"   54016";"   56068";"  110084";"       0"
"1429";"A043591";"2002MM07";"    1220";"     957";"     477";"     480";"   36718";"   16847";"   19871";"   36718";"       0"
"1430";"A043591";"2002MM08";"    1171";"     947";"     474";"     473";"   33272";"   17087";"   16185";"   33272";"       0"
"1431";"A043591";"2002MM09";"    1339";"    1001";"     502";"     499";"   42045";"   20163";"   21882";"   42045";"       0"
"1432";"A043591";"2002KW03";"    3730";"    2905";"    1453";"    1452";"  112035";"   54097";"   57938";"  112035";"       0"
"1433";"A043591";"2002MM10";"    1274";"    1007";"     505";"     502";"   40475";"   20804";"   19671";"   40475";"       0"
"1434";"A043591";"2002MM11";"    1103";"     885";"     442";"     443";"   28344";"   13914";"   14430";"   28344";"       0"
"1435";"A043591";"2002MM12";"     906";"     704";"     350";"     354";"   22156";"   11137";"   11019";"   22156";"       0"
"1436";"A043591";"2002KW04";"    3283";"    2596";"    1297";"    1299";"   90975";"   45855";"   45120";"   90975";"       0"
"1437";"A043591";"2002JJ00";"   14114";"   10758";"    5375";"    5383";"  363373";"  177835";"  185538";"  363373";"       0"
"1438";"A043591";"2003MM01";"     985";"     785";"     392";"     393";"   21306";"   10118";"   11188";"   20973";"       0"
"1439";"A043591";"2003MM02";"     973";"     764";"     381";"     383";"   23310";"   11391";"   11919";"   23310";"       0"
"1440";"A043591";"2003MM03";"    1137";"     883";"     440";"     443";"   26841";"   13222";"   13619";"   26841";"       0"
"1441";"A043591";"2003KW01";"    3095";"    2432";"    1213";"    1219";"   71457";"   34731";"   36726";"   71124";"       0"
"1442";"A043591";"2003MM04";"    1111";"     861";"     430";"     431";"   30024";"   13751";"   16273";"   29802";"       0"
"1443";"A043591";"2003MM05";"    1149";"     852";"     425";"     427";"   42117";"   20700";"   21417";"   42117";"       0"
"1444";"A043591";"2003MM06";"    1152";"     852";"     428";"     424";"   40294";"   20433";"   19861";"   40294";"       0"
"1445";"A043591";"2003KW02";"    3412";"    2565";"    1283";"    1282";"  112435";"   54884";"   57551";"  112213";"       0"
"1446";"A043591";"2003MM07";"    1143";"     871";"     435";"     436";"   45038";"   20427";"   24611";"   44779";"     259"
"1447";"A043591";"2003MM08";"    1086";"     810";"     407";"     403";"   43115";"   23472";"   19643";"   43115";"       0"
"1448";"A043591";"2003MM09";"    1227";"     918";"     455";"     463";"   48495";"   23078";"   25417";"   48495";"       0"
"1449";"A043591";"2003KW03";"    3456";"    2599";"    1297";"    1302";"  136648";"   66977";"   69671";"  136389";"     259"
"1450";"A043591";"2003MM10";"    1177";"     891";"     451";"     440";"   47118";"   23949";"   23169";"   47118";"       0"
"1451";"A043591";"2003MM11";"    1007";"     757";"     379";"     378";"   33605";"   16967";"   16638";"   33605";"       0"
"1452";"A043591";"2003MM12";"     820";"     614";"     306";"     308";"   26433";"   12924";"   13509";"   26433";"       0"
"1453";"A043591";"2003KW04";"    3004";"    2262";"    1136";"    1126";"  107156";"   53840";"   53316";"  107156";"       0"
"1454";"A043591";"2003JJ00";"   12967";"    9858";"    4929";"    4929";"  427696";"  210432";"  217264";"  426882";"     259"
"1455";"A043591";"2004MM01";"     919";"     702";"     351";"     351";"   23069";"   11549";"   11520";"   22478";"       0"
"1456";"A043591";"2004MM02";"    1071";"     799";"     399";"     400";"   33510";"   16062";"   17448";"   33510";"       0"
"1457";"A043591";"2004MM03";"    1262";"     945";"     472";"     473";"   42316";"   20597";"   21719";"   42316";"       0"
"1458";"A043591";"2004KW01";"    3252";"    2446";"    1222";"    1224";"   98895";"   48208";"   50687";"   98304";"       0"
"1459";"A043591";"2004MM04";"    1217";"     922";"     458";"     464";"   55568";"   24646";"   30922";"   55568";"       0"
"1460";"A043591";"2004MM05";"    1313";"     989";"     494";"     495";"   75391";"   37759";"   37632";"   75391";"       0"
"1461";"A043591";"2004MM06";"    1212";"     925";"     463";"     462";"   58287";"   30087";"   28200";"   58287";"       0"
"1462";"A043591";"2004KW02";"    3742";"    2836";"    1415";"    1421";"  189246";"   92492";"   96754";"  189246";"       0"
"1463";"A043591";"2004MM07";"    1279";"     909";"     453";"     456";"   68197";"   30295";"   37902";"   68197";"       0"
"1464";"A043591";"2004MM08";"    1198";"     886";"     442";"     444";"   76327";"   40237";"   36090";"   76327";"       0"
"1465";"A043591";"2004MM09";"    1379";"    1055";"     528";"     527";"   73712";"   36954";"   36758";"   73712";"       0"
"1466";"A043591";"2004KW03";"    3856";"    2850";"    1423";"    1427";"  218236";"  107486";"  110750";"  218236";"       0"
"1467";"A043591";"2004MM10";"    1417";"    1097";"     549";"     548";"   90597";"   45962";"   44635";"   90597";"       0"
"1468";"A043591";"2004MM11";"    1233";"     946";"     472";"     474";"   62565";"   31748";"   30817";"   62565";"       0"
"1469";"A043591";"2004MM12";"    1026";"     758";"     379";"     379";"   46930";"   22289";"   24641";"   46807";"       0"
"1470";"A043591";"2004KW04";"    3676";"    2801";"    1400";"    1401";"  200092";"   99999";"  100093";"  199969";"       0"
"1471";"A043591";"2004JJ00";"   14526";"   10933";"    5460";"    5473";"  706469";"  348185";"  358284";"  705755";"       0"
"1472";"A043591";"2005MM01";"     827";"     605";"     302";"     303";"   42455";"   21365";"   21090";"   41744";"       0"
"1473";"A043591";"2005MM02";"     838";"     596";"     297";"     299";"   44363";"   21429";"   22934";"   44363";"       0"
"1474";"A043591";"2005MM03";"    1111";"     765";"     381";"     384";"   60974";"   29079";"   31895";"   60974";"       0"
"1475";"A043591";"2005KW01";"    2776";"    1966";"     980";"     986";"  147792";"   71873";"   75919";"  147081";"       0"
"1476";"A043591";"2005MM04";"    1181";"     863";"     427";"     436";"   75542";"   34965";"   40577";"   75542";"       0"
"1477";"A043591";"2005MM05";"    1337";"    1039";"     518";"     521";"  104897";"   51268";"   53629";"  104897";"       0"
"1478";"A043591";"2005MM06";"    1434";"    1103";"     554";"     549";"   97270";"   47544";"   49726";"   97270";"       0"
"1479";"A043591";"2005KW02";"    3952";"    3005";"    1499";"    1506";"  277709";"  133777";"  143932";"  277709";"       0"
"1480";"A043591";"2005MM07";"    1361";"    1006";"     503";"     503";"  105929";"   46317";"   59612";"  105929";"       0"
"1481";"A043591";"2005MM08";"    1343";"    1057";"     528";"     529";"  107710";"   57232";"   50478";"  107605";"       0"
"1482";"A043591";"2005MM09";"    1481";"    1127";"     564";"     563";"   98111";"   47477";"   50634";"   98111";"       0"
"1483";"A043591";"2005KW03";"    4185";"    3190";"    1595";"    1595";"  311750";"  151026";"  160724";"  311645";"       0"
"1484";"A043591";"2005MM10";"    1384";"    1060";"     535";"     525";"   99264";"   50825";"   48439";"   99264";"       0"
"1485";"A043591";"2005MM11";"    1189";"     909";"     453";"     456";"   72658";"   36565";"   36093";"   72658";"       0"
"1486";"A043591";"2005MM12";"    1049";"     766";"     381";"     385";"   63661";"   30800";"   32861";"   63661";"       0"
"1487";"A043591";"2005KW04";"    3622";"    2735";"    1369";"    1366";"  235583";"  118190";"  117393";"  235583";"       0"
"1488";"A043591";"2005JJ00";"   14535";"   10896";"    5443";"    5453";"  972834";"  474866";"  497968";"  972018";"       0"
"1489";"A043591";"2006MM01";"    1088";"     782";"     391";"     391";"   61431";"   31112";"   30319";"   60853";"       0"
"1490";"A043591";"2006MM02";"     994";"     710";"     355";"     355";"   57789";"   27641";"   30148";"   57693";"       0"
"1491";"A043591";"2006MM03";"    1182";"     839";"     417";"     422";"   70541";"   34565";"   35976";"   70541";"       0"
"1492";"A043591";"2006KW01";"    3264";"    2331";"    1163";"    1168";"  189761";"   93318";"   96443";"  189087";"       0"
"1493";"A043591";"2006MM04";"     903";"     710";"     352";"     358";"   69597";"   32864";"   36733";"   69597";"       0"
"1494";"A043591";"2006MM05";"    1539";"    1185";"     587";"     598";"  137011";"   67427";"   69584";"  136965";"       0"
"1495";"A043591";"2006MM06";"    1427";"    1048";"     506";"     542";"  109559";"   53962";"   55597";"  109559";"       0"
"1496";"A043591";"2006KW02";"    3869";"    2943";"    1445";"    1498";"  316167";"  154253";"  161914";"  316121";"       0"
"1497";"A043591";"2006MM07";"    1371";"    1014";"     485";"     529";"  122003";"   54514";"   67489";"  122003";"       0"
"1498";"A043591";"2006MM08";"    1355";"    1060";"     509";"     551";"  118632";"   62990";"   55642";"  118632";"       0"
"1499";"A043591";"2006MM09";"    1495";"    1078";"     515";"     563";"  116246";"   56124";"   60122";"  116150";"      96"
"1500";"A043591";"2006KW03";"    4221";"    3152";"    1509";"    1643";"  356881";"  173628";"  183253";"  356785";"      96"
"1501";"A043591";"2006MM10";"    1470";"    1072";"     522";"     550";"  116287";"   59296";"   56991";"  116287";"       0"
"1502";"A043591";"2006MM11";"    1381";"    1024";"     489";"     535";"   98664";"   50562";"   48102";"   98664";"       0"
"1503";"A043591";"2006MM12";"    1158";"     876";"     424";"     452";"   92761";"   44203";"   48558";"   92761";"       0"
"1504";"A043591";"2006KW04";"    4009";"    2972";"    1435";"    1537";"  307712";"  154061";"  153651";"  307712";"       0"
"1505";"A043591";"2006JJ00";"   15363";"   11398";"    5552";"    5846";" 1170521";"  575260";"  595261";" 1169705";"      96"
"1506";"A043591";"2007MM01";"    1228";"     919";"     441";"     478";"   88399";"   44875";"   43524";"   87736";"       0"
"1507";"A043591";"2007MM02";"    1217";"     861";"     409";"     452";"   86236";"   41241";"   44995";"   86236";"       0"
"1508";"A043591";"2007MM03";"    1580";"    1056";"     505";"     551";"  108487";"   52928";"   55559";"  108487";"       0"
"1509";"A043591";"2007KW01";"    4025";"    2836";"    1355";"    1481";"  283122";"  139044";"  144078";"  282459";"       0"
"1510";"A043591";"2007MM04";"    1470";"    1020";"     491";"     529";"  119980";"   56346";"   63634";"  119980";"       0"
"1511";"A043591";"2007MM05";"    1225";"     957";"     457";"     500";"  128921";"   63785";"   65136";"  128921";"       0"
"1512";"A043591";"2007MM06";"    1581";"    1245";"     602";"     643";"  147961";"   72893";"   75068";"  147961";"       0"
"1513";"A043591";"2007KW02";"    4276";"    3222";"    1550";"    1672";"  396862";"  193024";"  203838";"  396862";"       0"
"1514";"A043591";"2007MM07";"    1000";"     781";"     368";"     413";"  107850";"   50963";"   56887";"  107850";"       0"
"1515";"A043591";"2007MM08";"    1554";"    1200";"     578";"     622";"  160141";"   84818";"   75323";"  160141";"       0"
"1516";"A043591";"2007MM09";"    1652";"    1227";"     594";"     633";"  148987";"   72523";"   76464";"  148987";"       0"
"1517";"A043591";"2007KW03";"    4206";"    3208";"    1540";"    1668";"  416978";"  208304";"  208674";"  416978";"       0"
"1518";"A043591";"2007MM10";"    1786";"    1337";"     649";"     688";"  149522";"   77212";"   72310";"  149522";"       0"
"1519";"A043591";"2007MM11";"     774";"     721";"     350";"     371";"   88589";"   43887";"   44702";"   88589";"       0"
"1520";"A043591";"2007MM12";"    1383";"    1066";"     518";"     548";"  107503";"   51888";"   55615";"  106871";"       0"
"1521";"A043591";"2007KW04";"    3943";"    3124";"    1517";"    1607";"  345614";"  172987";"  172627";"  344982";"       0"
"1522";"A043591";"2007JJ00";"   16450";"   12390";"    5962";"    6428";" 1442576";"  713359";"  729217";" 1441281";"       0"
"1523";"A043591";"2008MM01";"    1360";"    1096";"     535";"     561";"  102144";"   51183";"   50961";"  101064";"       0"
"1524";"A043591";"2008MM02";"    1392";"    1102";"     542";"     560";"  107895";"   52606";"   55289";"  106573";"       0"
"1525";"A043591";"2008MM03";"    1517";"    1187";"     583";"     604";"  126272";"   62144";"   64128";"  125041";"       0"
"1526";"A043591";"2008KW01";"    4269";"    3385";"    1660";"    1725";"  336311";"  165933";"  170378";"  332678";"       0"
"1527";"A043591";"2008MM04";"    1546";"    1228";"     610";"     618";"  130204";"   59862";"   70342";"  130204";"       0"
"1528";"A043591";"2008MM05";"    1692";"    1350";"     675";"     675";"  168148";"   83522";"   84626";"  168026";"       0"
"1529";"A043591";"2008MM06";"    1739";"    1370";"     687";"     683";"  159518";"   78509";"   81009";"  159518";"       0"
"1530";"A043591";"2008KW02";"    4977";"    3948";"    1972";"    1976";"  457870";"  221893";"  235977";"  457748";"       0"
"1531";"A043591";"2008MM07";"    1741";"    1380";"     689";"     691";"  176308";"   81335";"   94973";"  176308";"       0"
"1532";"A043591";"2008MM08";"    1521";"    1259";"     627";"     632";"  169222";"   89540";"   79682";"  169222";"       0"
"1533";"A043591";"2008MM09";"    1699";"    1352";"     675";"     677";"  158891";"   76427";"   82464";"  158465";"       0"
"1534";"A043591";"2008KW03";"    4961";"    3991";"    1991";"    2000";"  504421";"  247302";"  257119";"  503995";"       0"
"1535";"A043591";"2008MM10";"    1678";"    1367";"     686";"     681";"  162130";"   83853";"   78277";"  161720";"       0"
"1536";"A043591";"2008MM11";"    1149";"     929";"     465";"     464";"  106323";"   53496";"   52827";"  106012";"       0"
"1537";"A043591";"2008MM12";"    1081";"     871";"     433";"     438";"   99362";"   47347";"   52015";"   99362";"       0"
"1538";"A043591";"2008KW04";"    3908";"    3167";"    1584";"    1583";"  367815";"  184696";"  183119";"  367094";"       0"
"1539";"A043591";"2008JJ00";"   18115";"   14491";"    7207";"    7284";" 1666417";"  819824";"  846593";" 1661515";"       0"
"1540";"A043591";"2009MM01";"    1013";"     855";"     428";"     427";"   90493";"   44505";"   45988";"   90493";"       0"
"1541";"A043591";"2009MM02";"    1054";"     828";"     413";"     415";"   99373";"   47727";"   51646";"   99373";"       0"
"1542";"A043591";"2009MM03";"    1187";"     936";"     468";"     468";"  112728";"   55991";"   56737";"  112728";"       0"
"1543";"A043591";"2009KW01";"    3254";"    2619";"    1309";"    1310";"  302594";"  148223";"  154371";"  302594";"       0"
"1544";"A043591";"2009MM04";"    1204";"    1006";"     498";"     508";"  129572";"   59593";"   69979";"  129572";"       0"
"1545";"A043591";"2009MM05";"    1409";"    1171";"     587";"     584";"  156447";"   77668";"   78779";"  156447";"       0"
"1546";"A043591";"2009MM06";"    1447";"    1177";"     589";"     588";"  155013";"   76607";"   78406";"  154770";"       0"
"1547";"A043591";"2009KW02";"    4060";"    3354";"    1674";"    1680";"  441032";"  213868";"  227164";"  440789";"       0"
"1548";"A043591";"2009MM07";"    1541";"    1301";"     651";"     650";"  180926";"   82130";"   98796";"  180319";"     189"
"1549";"A043591";"2009MM08";"    1477";"    1303";"     652";"     651";"  191063";"   99087";"   91976";"  190994";"       0"
"1550";"A043591";"2009MM09";"    1582";"    1333";"     667";"     666";"  179745";"   89217";"   90528";"  179693";"       0"
"1551";"A043591";"2009KW03";"    4600";"    3937";"    1970";"    1967";"  551734";"  270434";"  281300";"  551006";"     189"
"1552";"A043591";"2009MM10";"    1554";"    1301";"     654";"     647";"  175596";"   89713";"   85883";"  175596";"       0"
"1553";"A043591";"2009MM11";"    1350";"    1136";"     569";"     567";"  139322";"   71533";"   67789";"  139322";"       0"
"1554";"A043591";"2009MM12";"    1302";"    1085";"     541";"     544";"  128775";"   62024";"   66751";"  128775";"       0"
"1555";"A043591";"2009KW04";"    4206";"    3522";"    1764";"    1758";"  443693";"  223270";"  220423";"  443693";"       0"
"1556";"A043591";"2009JJ00";"   16120";"   13432";"    6717";"    6715";" 1739053";"  855795";"  883258";" 1738082";"     189"
"1557";"A043591";"2010MM01";"    1272";"    1077";"     541";"     536";"  111396";"   55915";"   55481";"  111231";"       0"
"1558";"A043591";"2010MM02";"    1275";"    1064";"     531";"     533";"  122333";"   59362";"   62971";"  122333";"       0"
"1559";"A043591";"2010MM03";"    1429";"    1180";"     589";"     591";"  146181";"   72779";"   73402";"  146181";"       0"
"1560";"A043591";"2010KW01";"    3976";"    3321";"    1661";"    1660";"  379910";"  188056";"  191854";"  379745";"       0"
"1561";"A043591";"2010MM04";"    1316";"    1090";"     543";"     547";"  138095";"   63317";"   74778";"  138095";"       0"
"1562";"A043591";"2010MM05";"    1825";"    1558";"     782";"     776";"  215232";"  104568";"  110664";"  215232";"       0"
"1563";"A043591";"2010MM06";"    1760";"    1493";"     746";"     747";"  203811";"  100731";"  103080";"  203811";"       0"
"1564";"A043591";"2010KW02";"    4901";"    4141";"    2071";"    2070";"  557138";"  268616";"  288522";"  557138";"       0"
"1565";"A043591";"2010MM07";"    1918";"    1629";"     813";"     816";"  234520";"  106546";"  127974";"  234520";"       0"
"1566";"A043591";"2010MM08";"    1982";"    1721";"     861";"     860";"  258180";"  134554";"  123626";"  258180";"       0"
"1567";"A043591";"2010MM09";"    1962";"    1602";"     801";"     801";"  227950";"  113923";"  114027";"  227905";"       0"
"1568";"A043591";"2010KW03";"    5862";"    4952";"    2475";"    2477";"  720650";"  355023";"  365627";"  720605";"       0"
"1569";"A043591";"2010MM10";"    1821";"    1557";"     780";"     777";"  225069";"  113795";"  111274";"  225069";"       0"
"1570";"A043591";"2010MM11";"    1397";"    1140";"     569";"     571";"  152368";"   77796";"   74572";"  152368";"       0"
"1571";"A043591";"2010MM12";"    1407";"    1133";"     568";"     565";"  147648";"   70239";"   77409";"  147408";"     240"
"1572";"A043591";"2010KW04";"    4625";"    3830";"    1917";"    1913";"  525085";"  261830";"  263255";"  524845";"     240"
"1573";"A043591";"2010JJ00";"   19364";"   16244";"    8124";"    8120";" 2182783";" 1073525";" 1109258";" 2182333";"     240"
"1574";"A043591";"2011MM01";"    1443";"    1232";"     616";"     616";"  142884";"   71925";"   70959";"  142884";"       0"
"1575";"A043591";"2011MM02";"    1273";"    1079";"     539";"     540";"  133658";"   64665";"   68993";"  133658";"       0"
"1576";"A043591";"2011MM03";"    1558";"    1258";"     628";"     630";"  167750";"   82993";"   84757";"  167750";"       0"
"1577";"A043591";"2011KW01";"    4274";"    3569";"    1783";"    1786";"  444292";"  219583";"  224709";"  444292";"       0"
"1578";"A043591";"2011MM04";"    1919";"    1642";"     819";"     823";"  228844";"  106805";"  122039";"  228844";"       0"
"1579";"A043591";"2011MM05";"    2368";"    2037";"    1022";"    1015";"  275801";"  137585";"  138216";"  275801";"       0"
"1580";"A043591";"2011MM06";"    2170";"    1919";"     960";"     959";"  257143";"  128878";"  128265";"  256933";"       0"
"1581";"A043591";"2011KW02";"    6457";"    5598";"    2801";"    2797";"  761788";"  373268";"  388520";"  761578";"       0"
"1582";"A043591";"2011MM07";"    2288";"    2022";"    1012";"    1010";"  292858";"  133189";"  159669";"  291720";"       0"
"1583";"A043591";"2011MM08";"    2278";"    2037";"    1019";"    1018";"  296529";"  157254";"  139275";"  296010";"       0"
"1584";"A043591";"2011MM09";"    2235";"    1938";"     971";"     967";"  271311";"  136022";"  135289";"  271311";"       0"
"1585";"A043591";"2011KW03";"    6801";"    5997";"    3002";"    2995";"  860698";"  426465";"  434233";"  859041";"       0"
"1586";"A043591";"2011MM10";"    2125";"    1892";"     946";"     946";"  264018";"  135084";"  128934";"  263461";"       0"
"1587";"A043591";"2011MM11";"    1399";"    1260";"     631";"     629";"  162061";"   84722";"   77339";"  159768";"       0"
"1588";"A043591";"2011MM12";"    1494";"    1364";"     682";"     682";"  171221";"   80956";"   90265";"  168667";"       0"
"1589";"A043591";"2011KW04";"    5018";"    4516";"    2259";"    2257";"  597300";"  300762";"  296538";"  591896";"       0"
"1590";"A043591";"2011JJ00";"   22550";"   19680";"    9845";"    9835";" 2664078";" 1320078";" 1344000";" 2656807";"       0"
"1591";"A043591";"2012MM01";"    1653";"    1480";"     739";"     741";"  168756";"   87815";"   80941";"  165981";"       0"
"1592";"A043591";"2012MM02";"    1591";"    1396";"     697";"     699";"  169767";"   81908";"   87859";"  167127";"       0"
"1593";"A043591";"2012MM03";"    1834";"    1623";"     809";"     814";"  203430";"  101753";"  101677";"  200295";"       0"
"1594";"A043591";"2012KW01";"    5078";"    4499";"    2245";"    2254";"  541953";"  271476";"  270477";"  533403";"       0"
"1595";"A043591";"2012MM04";"    2138";"    1925";"     961";"     964";"  259863";"  123273";"  136590";"  256629";"       0"
"1596";"A043591";"2012MM05";"    2476";"    2239";"    1118";"    1121";"  301954";"  150208";"  151746";"  298751";"       0"
"1597";"A043591";"2012MM06";"    2380";"    2153";"    1076";"    1077";"  288737";"  142280";"  146457";"  286079";"       0"
"1598";"A043591";"2012KW02";"    6994";"    6317";"    3155";"    3162";"  850554";"  415761";"  434793";"  841459";"       0"
"1599";"A043591";"2012MM07";"    2534";"    2302";"    1151";"    1151";"  334961";"  155414";"  179547";"  331895";"       0"
"1600";"A043591";"2012MM08";"    2417";"    2249";"    1125";"    1124";"  325367";"  172025";"  153342";"  322338";"       0"
"1601";"A043591";"2012MM09";"    2312";"    2141";"    1069";"    1072";"  292550";"  146998";"  145552";"  289452";"       0"
"1602";"A043591";"2012KW03";"    7263";"    6692";"    3345";"    3347";"  952878";"  474437";"  478441";"  943685";"       0"
"1603";"A043591";"2012MM10";"    2280";"    2119";"    1061";"    1058";"  288342";"  148839";"  139503";"  285523";"       0"
"1604";"A043591";"2012MM11";"    1526";"    1413";"     706";"     707";"  184715";"   96071";"   88644";"  182136";"       0"
"1605";"A043591";"2012MM12";"    1495";"    1410";"     703";"     707";"  186496";"   87621";"   98875";"  184046";"       0"
"1606";"A043591";"2012KW04";"    5301";"    4942";"    2470";"    2472";"  659553";"  332531";"  327022";"  651705";"       0"
"1607";"A043591";"2012JJ00";"   24636";"   22450";"   11215";"   11235";" 3004938";" 1494205";" 1510733";" 2970252";"       0"
"1608";"A043591";"2013MM01";"    1760";"    1596";"     797";"     799";"  177554";"   93064";"   84490";"  174984";"       0"
"1609";"A043591";"2013MM02";"    1608";"    1477";"     739";"     738";"  185145";"   90848";"   94297";"  182398";"       0"
"1610";"A043591";"2013MM03";"    1984";"    1840";"     919";"     921";"  234218";"  115188";"  119030";"  230808";"       0"
"1611";"A043591";"2013KW01";"    5352";"    4913";"    2455";"    2458";"  596917";"  299100";"  297817";"  588190";"       0"
"1612";"A043591";"2013MM04";"    2234";"    2074";"    1036";"    1038";"  286436";"  137488";"  148948";"  278862";"       0"
"1613";"A043591";"2013MM05";"    2621";"    2417";"    1208";"    1209";"  342948";"  169895";"  173053";"  334689";"       0"
"1614";"A043591";"2013MM06";"    2533";"    2324";"    1160";"    1164";"  329938";"  162136";"  167802";"  322829";"       0"
"1615";"A043591";"2013KW02";"    7388";"    6815";"    3404";"    3411";"  959322";"  469519";"  489803";"  936380";"       0"
"1616";"A043591";"2013MM07";"    2682";"    2471";"    1235";"    1236";"  372682";"  174175";"  198507";"  364642";"       0"
"1617";"A043591";"2013MM08";"    2633";"    2439";"    1219";"    1220";"  370304";"  194049";"  176255";"  361368";"       0"
"1618";"A043591";"2013MM09";"    2607";"    2391";"    1194";"    1197";"  351005";"  177270";"  173735";"  342871";"       0"
"1619";"A043591";"2013KW03";"    7922";"    7301";"    3648";"    3653";" 1093991";"  545494";"  548497";" 1068881";"       0"
"1620";"A043591";"2013MM10";"    2516";"    2312";"    1155";"    1157";"  338783";"  174472";"  164311";"  329788";"       0"
"1621";"A043591";"2013MM11";"    1816";"    1650";"     823";"     827";"  223320";"  115741";"  107579";"  217027";"       0"
"1622";"A043591";"2013MM12";"    1745";"    1602";"     801";"     801";"  213152";"  100806";"  112346";"  206433";"       0"
"1623";"A043591";"2013KW04";"    6077";"    5564";"    2779";"    2785";"  775255";"  391019";"  384236";"  753248";"       0"
"1624";"A043591";"2013JJ00";"   26739";"   24593";"   12286";"   12307";" 3425485";" 1705132";" 1720353";" 3346699";"       0"
"1625";"A043591";"2014MM01";"    1932";"    1787";"     895";"     892";"  210766";"  109327";"  101439";"  204498";"       0"
"1626";"A043591";"2014MM02";"    1763";"    1628";"     814";"     814";"  212377";"  103209";"  109168";"  205962";"       0"
"1627";"A043591";"2014MM03";"    2053";"    1898";"     949";"     949";"  259430";"  131300";"  128130";"  252568";"       0"
"1628";"A043591";"2014KW01";"    5748";"    5313";"    2658";"    2655";"  682573";"  343836";"  338737";"  663028";"       0"
"1629";"A043591";"2014MM04";"    2542";"    2338";"    1167";"    1171";"  345746";"  161868";"  183878";"  339890";"       0"
"1630";"A043591";"2014MM05";"    2948";"    2743";"    1370";"    1373";"  412805";"  206081";"  206724";"  406415";"       0"
"1631";"A043591";"2014MM06";"    2868";"    2635";"    1318";"    1317";"  395700";"  200290";"  195410";"  390107";"       0"
"1632";"A043591";"2014KW02";"    8358";"    7716";"    3855";"    3861";" 1154251";"  568239";"  586012";" 1136412";"       0"
"1633";"A043591";"2014MM07";"    2897";"    2682";"    1339";"    1343";"  413599";"  191198";"  222401";"  408873";"       0"
"1634";"A043591";"2014MM08";"    2880";"    2720";"    1359";"    1361";"  434612";"  227796";"  206816";"  427071";"       0"
"1635";"A043591";"2014MM09";"    2831";"    2618";"    1308";"    1310";"  392699";"  198870";"  193829";"  386444";"       0"
"1636";"A043591";"2014KW03";"    8608";"    8020";"    4006";"    4014";" 1240910";"  617864";"  623046";" 1222388";"       0"
"1637";"A043591";"2014MM10";"    2694";"    2535";"    1267";"    1268";"  382483";"  196824";"  185659";"  375488";"       0"
"1638";"A043591";"2014MM11";"    1826";"    1702";"     852";"     850";"  249652";"  129954";"  119698";"  238022";"       0"
"1639";"A043591";"2014MM12";"    1899";"    1737";"     868";"     869";"  246495";"  117617";"  128878";"  237270";"       0"
"1640";"A043591";"2014KW04";"    6419";"    5974";"    2987";"    2987";"  878630";"  444395";"  434235";"  850780";"       0"
"1641";"A043591";"2014JJ00";"   29133";"   27023";"   13506";"   13517";" 3956364";" 1974334";" 1982030";" 3872608";"       0"
"1642";"A043591";"2015MM01";"    1980";"    1844";"     922";"     922";"  247187";"  127672";"  119515";"  236407";"       0"
"1643";"A043591";"2015MM02";"    1903";"    1794";"     897";"     897";"  255091";"  123794";"  131297";"  245053";"       0"
"1644";"A043591";"2015MM03";"    2339";"    2200";"    1102";"    1098";"  313992";"  157001";"  156991";"  302797";"       0"
"1645";"A043591";"2015KW01";"    6222";"    5838";"    2921";"    2917";"  816270";"  408467";"  407803";"  784257";"       0"
"1646";"A043591";"2015MM04";"    2695";"    2536";"    1266";"    1270";"  386044";"  184832";"  201212";"  374599";"       0"
"1647";"A043591";"2015MM05";"    2980";"    2835";"    1417";"    1418";"  446497";"  223633";"  222864";"  437592";"       0"
"1648";"A043591";"2015MM06";"    2948";"    2752";"    1377";"    1375";"  426021";"  211387";"  214634";"  418175";"       0"
"1649";"A043591";"2015KW02";"    8623";"    8123";"    4060";"    4063";" 1258562";"  619852";"  638710";" 1230366";"       0"
"1650";"A043591";"2015MM07";"    3009";"    2855";"    1426";"    1429";"  447582";"  209319";"  238263";"  440220";"       0"
"1651";"A043591";"2015MM08";"    3016";"    2851";"    1426";"    1425";"  458138";"  238630";"  219508";"  449825";"       0"
"1652";"A043591";"2015MM09";"    2879";"    2741";"    1370";"    1371";"  428748";"  215933";"  212815";"  420171";"       0"
"1653";"A043591";"2015KW03";"    8904";"    8447";"    4222";"    4225";" 1334468";"  663882";"  670586";" 1310216";"       0"
"1654";"A043591";"2015MM10";"    2846";"    2708";"    1354";"    1354";"  421488";"  216939";"  204549";"  412545";"       0"
"1655";"A043591";"2015MM11";"    1955";"    1833";"     916";"     917";"  270990";"  140883";"  130107";"  260291";"       0"
"1656";"A043591";"2015MM12";"    2012";"    1886";"     944";"     942";"  272104";"  129192";"  142912";"  262153";"       0"
"1657";"A043591";"2015KW04";"    6813";"    6427";"    3214";"    3213";"  964582";"  487014";"  477568";"  934989";"       0"
"1658";"A043591";"2015JJ00";"   30562";"   28835";"   14417";"   14418";" 4373882";" 2179215";" 2194667";" 4259828";"       0"
"1659";"A043591";"2016MM01";"    2075";"    1970";"     983";"     987";"  277796";"  143665";"  134131";"  269391";"       0"
"1660";"A043591";"2016MM02";"    2118";"    1983";"     992";"     991";"  294491";"  144367";"  150124";"  285783";"       0"
"1661";"A043591";"2016MM03";"    2559";"    2402";"    1199";"    1203";"  358055";"  175806";"  182249";"  350453";"       0"
"1662";"A043591";"2016KW01";"    6752";"    6355";"    3174";"    3181";"  930342";"  463838";"  466504";"  905627";"       0"
"1663";"A043591";"2016MM04";"    2947";"    2780";"    1390";"    1390";"  428556";"  204641";"  223915";"  420237";"       0"
"1664";"A043591";"2016MM05";"    3111";"    2945";"    1469";"    1476";"  453348";"  234778";"  218570";"  444217";"       0"
"1665";"A043591";"2016MM06";"    1642";"    1542";"     775";"     767";"  231727";"  106523";"  125204";"  227713";"       0"
"1666";"A043591";"2016KW02";"    7700";"    7267";"    3634";"    3633";" 1113631";"  545942";"  567689";" 1092167";"       0"
"1667";"A043591";"2016MM07";"    3348";"    3171";"    1584";"    1587";"  507699";"  239598";"  268101";"  499627";"       0"
"1668";"A043591";"2016MM08";"    3316";"    3157";"    1579";"    1578";"  516581";"  266348";"  250233";"  507733";"       0"
"1669";"A043591";"2016MM09";"    3357";"    3192";"    1596";"    1596";"  507109";"  256004";"  251105";"  498764";"       0"
"1670";"A043591";"2016KW03";"   10021";"    9520";"    4759";"    4761";" 1531389";"  761950";"  769439";" 1506124";"       0"
"1671";"A043591";"2016MM10";"    3248";"    3096";"    1548";"    1548";"  490112";"  250067";"  240045";"  480715";"       0"
"1672";"A043591";"2016MM11";"    2478";"    2340";"    1169";"    1171";"  359269";"  184996";"  174273";"  347837";"       0"
"1673";"A043591";"2016MM12";"    2458";"    2332";"    1164";"    1168";"  355454";"  169242";"  186212";"  342494";"       0"
"1674";"A043591";"2016KW04";"    8184";"    7768";"    3881";"    3887";" 1204835";"  604305";"  600530";" 1171046";"       0"
"1675";"A043591";"2016JJ00";"   32657";"   30910";"   15448";"   15462";" 4780197";" 2376035";" 2404162";" 4674964";"       0"
"1676";"A043591";"2017MM01";"    2545";"    2394";"    1199";"    1195";"  349354";"  180481";"  168873";"  336557";"       0"
"1677";"A043591";"2017MM02";"    2390";"    2241";"    1120";"    1121";"  347522";"  168232";"  179290";"  336189";"       0"
"1678";"A043591";"2017MM03";"    2748";"    2660";"    1330";"    1330";"  416705";"  208919";"  207786";"  403856";"       0"
"1679";"A043591";"2017KW01";"    7683";"    7295";"    3649";"    3646";" 1113581";"  557632";"  555949";" 1076602";"       0"
"1680";"A043591";"2017MM04";"    3203";"    3059";"    1530";"    1529";"  503029";"  242888";"  260141";"  490799";"       0"
"1681";"A043591";"2017MM05";"    3505";"    3302";"    1651";"    1651";"  544797";"  272007";"  272790";"  533251";"       0"
"1682";"A043591";"2017MM06";"    3312";"    3233";"    1617";"    1616";"  532103";"  264225";"  267878";"  522645";"       0"
"1683";"A043591";"2017KW02";"   10020";"    9594";"    4798";"    4796";" 1579929";"  779120";"  800809";" 1546695";"       0"
"1684";"A043591";"2017MM07";"    3480";"    3332";"    1666";"    1666";"  567053";"  268137";"  298916";"  555499";"       0"
"1685";"A043591";"2017MM08";"    3495";"    3335";"    1668";"    1667";"  577120";"  296811";"  280309";"  563967";"       0"
"1686";"A043591";"2017MM09";"    3378";"    3267";"    1633";"    1634";"  553096";"  278361";"  274735";"  542224";"       0"
"1687";"A043591";"2017KW03";"   10353";"    9934";"    4967";"    4967";" 1697269";"  843309";"  853960";" 1661690";"       0"
"1688";"A043591";"2017MM10";"    3314";"    3214";"    1607";"    1607";"  536736";"  274190";"  262546";"  524163";"       0"
"1689";"A043591";"2017MM11";"    2617";"    2499";"    1249";"    1250";"  401036";"  207259";"  193777";"  382674";"       0"
"1690";"A043591";"2017MM12";"    2500";"    2393";"    1197";"    1196";"  372669";"  175621";"  197048";"  355774";"       0"
"1691";"A043591";"2017KW04";"    8431";"    8106";"    4053";"    4053";" 1310441";"  657070";"  653371";" 1262611";"       0"
"1692";"A043591";"2017JJ00";"   36487";"   34929";"   17467";"   17462";" 5701220";" 2837131";" 2864089";" 5547598";"       0"
"1693";"A043591";"2018MM01";"    2747";"    2615";"    1307";"    1308";"  398089";"  206081";"  192008";"  381354";"       0"
"1694";"A043591";"2018MM02";"    2556";"    2417";"    1209";"    1208";"  393080";"  191966";"  201114";"  375144";"       0"
"1695";"A043591";"2018MM03";"    2899";"    2774";"    1386";"    1388";"  452090";"  223641";"  228449";"  431857";"       0"
"1696";"A043591";"2018KW01";"    8202";"    7806";"    3902";"    3904";" 1243259";"  621688";"  621571";" 1188355";"       0"
"1697";"A043591";"2018MM04";"    3258";"    3151";"    1577";"    1574";"  537248";"  261765";"  275483";"  513978";"       0"
"1698";"A043591";"2018MM05";"    3576";"    3408";"    1704";"    1704";"  585787";"  291447";"  294340";"  562972";"       0"
"1699";"A043591";"2018MM06";"    3549";"    3406";"    1703";"    1703";"  583746";"  288433";"  295313";"  562550";"       0"
"1700";"A043591";"2018KW02";"   10383";"    9965";"    4984";"    4981";" 1706781";"  841645";"  865136";" 1639500";"       0"
"1701";"A043591";"2018MM07";"    3737";"    3592";"    1796";"    1796";"  623708";"  294736";"  328972";"  598151";"       0"
"1702";"A043591";"2018MM08";"    3763";"    3636";"    1818";"    1818";"  635624";"  327843";"  307781";"  606885";"       0"
"1703";"A043591";"2018MM09";"    3686";"    3546";"    1773";"    1773";"  615201";"  311332";"  303869";"  589550";"       0"
"1704";"A043591";"2018KW03";"   11186";"   10774";"    5387";"    5387";" 1874533";"  933911";"  940622";" 1794586";"       0"
"1705";"A043591";"2018MM10";"    3726";"    3590";"    1795";"    1795";"  612905";"  313557";"  299348";"  585662";"       0"
"1706";"A043591";"2018MM11";"    2590";"    2473";"    1234";"    1239";"  409628";"  209688";"  199940";"  383344";"       0"
"1707";"A043591";"2018MM12";"    2558";"    2427";"    1214";"    1213";"  390649";"  185943";"  204706";"  366861";"       0"
"1708";"A043591";"2018KW04";"    8874";"    8490";"    4243";"    4247";" 1413182";"  709188";"  703994";" 1335867";"       0"
"1709";"A043591";"2018JJ00";"   38645";"   37035";"   18516";"   18519";" 6237755";" 3106432";" 3131323";" 5958308";"       0"
"1710";"A043591";"2019MM01";"    2694";"    2579";"    1289";"    1290";"  400481";"  206935";"  193546";"  375089";"       0"
"1711";"A043591";"2019MM02";"    2534";"    2417";"    1209";"    1208";"  404961";"  198594";"  206367";"  378663";"       0"
"1712";"A043591";"2019MM03";"    2986";"    2854";"    1427";"    1427";"  486336";"  243926";"  242410";"  454150";"       0"
"1713";"A043591";"2019KW01";"    8214";"    7850";"    3925";"    3925";" 1291778";"  649455";"  642323";" 1207902";"       0"
"1714";"A043591";"2019MM04";"    3677";"    3573";"    1786";"    1787";"  606490";"  291947";"  314543";"  575402";"       0"
"1715";"A043591";"2019MM05";"    4045";"    3933";"    1963";"    1970";"  656099";"  326219";"  329880";"  631507";"       0"
"1716";"A043591";"2019MM06";"    3931";"    3836";"    1919";"    1917";"  657648";"  327515";"  330133";"  628373";"       0"
"1717";"A043591";"2019KW02";"   11653";"   11342";"    5668";"    5674";" 1920237";"  945681";"  974556";" 1835282";"       0"
"1718";"A043591";"2019MM07";"    4017";"    3922";"    1961";"    1961";"  665638";"  312064";"  353574";"  633847";"       0"
"1719";"A043591";"2019MM08";"    4020";"    3933";"    1965";"    1968";"  681093";"  351710";"  329383";"  648004";"       0"
"1720";"A043591";"2019MM09";"    4016";"    3913";"    1952";"    1961";"  672355";"  339392";"  332963";"  641495";"       0"
"1721";"A043591";"2019KW03";"   12053";"   11768";"    5878";"    5890";" 2019086";" 1003166";" 1015920";" 1923346";"       0"
"1722";"A043591";"2019MM10";"    3957";"    3870";"    1937";"    1933";"  662238";"  339167";"  323071";"  630181";"       0"
"1723";"A043591";"2019MM11";"    2741";"    2641";"    1315";"    1326";"  446930";"  229154";"  217776";"  417528";"       0"
"1724";"A043591";"2019MM12";"    2823";"    2738";"    1369";"    1369";"  440506";"  207147";"  233359";"  413878";"       0"
"1725";"A043591";"2019KW04";"    9521";"    9249";"    4621";"    4628";" 1549674";"  775468";"  774206";" 1461587";"       0"
"1726";"A043591";"2019JJ00";"   41441";"   40209";"   20092";"   20117";" 6780775";" 3373770";" 3407005";" 6428117";"       0"
"1727";"A043591";"2020MM01";"    2633";"    2554";"    1277";"    1277";"  400991";"  202475";"  198516";"  375641";"       0"
"1728";"A043591";"2020MM02";"    2747";"    2649";"    1328";"    1321";"  438828";"  214069";"  224759";"  410047";"       0"
"1729";"A043591";"2020MM03";"    1936";"    1888";"     939";"     949";"  225071";"  121612";"  103459";"  210026";"       0"
"1730";"A043591";"2020KW01";"    7316";"    7091";"    3544";"    3547";" 1064890";"  538156";"  526734";"  995714";"       0"
"1731";"A043591";"2020MM04";"     158";"     148";"      75";"      73";"    7732";"    4740";"    2992";"    7732";"       0"
"1732";"A043591";"2020MM05";"     205";"     178";"      92";"      86";"   12108";"    7472";"    4636";"   12108";"       0"
"1733";"A043591";"2020MM06";"     658";"     565";"     286";"     279";"   46774";"   19688";"   27086";"   46774";"       0"
"1734";"A043591";"2020KW02";"    1021";"     891";"     453";"     438";"   66614";"   31900";"   34714";"   66614";"       0"
"1735";"A043591";"2020MM07";"    2405";"    2292";"    1152";"    1140";"  257515";"  112453";"  145062";"  257515";"       0"
"1736";"A043591";"2020MM08";"    2846";"    2713";"    1352";"    1361";"  295053";"  162305";"  132748";"  295053";"       0"
"1737";"A043591";"2020MM09";"    2078";"    1947";"     973";"     974";"  171375";"   90205";"   81170";"  171375";"       0"
"1738";"A043591";"2020KW03";"    7329";"    6952";"    3477";"    3475";"  723943";"  364963";"  358980";"  723943";"       0"
"1739";"A043591";"2020MM10";"    1524";"    1451";"     724";"     727";"  133057";"   68212";"   64845";"  133057";"       0"
"1740";"A043591";"2020MM11";"     779";"     721";"     363";"     358";"   57737";"   31566";"   26171";"   57737";"       0"
"1741";"A043591";"2020MM12";"     852";"     769";"     387";"     382";"   66544";"   26518";"   40026";"   66544";"       0"
"1742";"A043591";"2020KW04";"    3155";"    2941";"    1474";"    1467";"  257338";"  126296";"  131042";"  257338";"       0"
"1743";"A043591";"2020JJ00";"   18821";"   17875";"    8948";"    8927";" 2112785";" 1061315";" 1051470";" 2043609";"       0"
"1744";"A043591";"2021MM01";"     609";"     572";"     282";"     290";"   36128";"   22761";"   13367";"   36128";"       0"
"1745";"A043591";"2021MM02";"     185";"     169";"      86";"      83";"   11314";"    5599";"    5715";"   10985";"       0"
"1746";"A043591";"2021MM03";"     274";"     226";"     114";"     112";"   16000";"    7397";"    8603";"   16000";"       0"
"1747";"A043591";"2021KW01";"    1068";"     967";"     482";"     485";"   63442";"   35757";"   27685";"   63113";"       0"
"1748";"A043591";"2021MM04";"     436";"     373";"     190";"     183";"   27805";"   12367";"   15438";"   27805";"       0"
"1749";"A043591";"2021MM05";"     673";"     562";"     280";"     282";"   51798";"   24310";"   27488";"   51798";"       0"
"1750";"A043591";"2021MM06";"    1570";"    1428";"     722";"     706";"  147608";"   65258";"   82350";"  142960";"       0"
"1751";"A043591";"2021KW02";"    2679";"    2363";"    1192";"    1171";"  227211";"  101935";"  125276";"  222563";"       0"
"1752";"A043591";"2021MM07";"    2931";"    2779";"    1396";"    1383";"  344808";"  149673";"  195135";"  328995";"       0"
"1753";"A043591";"2021MM08";"    3393";"    3245";"    1616";"    1629";"  481576";"  252858";"  228718";"  460773";"       0"
"1754";"A043591";"2021MM09";"    3229";"    3112";"    1555";"    1557";"  453527";"  233057";"  220470";"  440601";"       0"
"1755";"A043591";"2021KW03";"    9553";"    9136";"    4567";"    4569";" 1279911";"  635588";"  644323";" 1230369";"       0"
"1756";"A043591";"2021MM10";"    3252";"    3097";"    1550";"    1547";"  479966";"  242080";"  237886";"  470038";"       0"
"1757";"A043591";"2021MM11";"    2489";"    2390";"    1192";"    1198";"  341640";"  177372";"  164268";"  341299";"       0"
"1758";"A043591";"2021MM12";"    2665";"    2571";"    1291";"    1280";"  306254";"  133388";"  172866";"  305997";"       0"
"1759";"A043591";"2021KW04";"    8406";"    8058";"    4033";"    4025";" 1127860";"  552840";"  575020";" 1117334";"       0"
"1760";"A043591";"2021JJ00";"   21706";"   20524";"   10274";"   10250";" 2698424";" 1326120";" 1372304";" 2633379";"       0"
"1761";"A043591";"2022MM01";"    2220";"    2133";"    1062";"    1071";"  275066";"  149639";"  125427";"  275066";"       0"
"1762";"A043591";"2022MM02";"    2238";"    2151";"    1081";"    1070";"  309283";"  148530";"  160753";"  305034";"       0"
"1763";"A043591";"2022MM03";"    2806";"    2700";"    1346";"    1354";"  401775";"  203066";"  198709";"  393052";"       0"
"1764";"A043591";"2022KW01";"    7264";"    6984";"    3489";"    3495";"  986124";"  501235";"  484889";"  973152";"       0"
"1765";"A043591";"2022MM04";"    3504";"    3390";"    1702";"    1688";"  545981";"  259702";"  286279";"  536134";"       0"
"1766";"A043591";"2022MM05";"    3901";"    3768";"    1884";"    1884";"  618681";"  308586";"  310095";"  603677";"       0"
"1767";"A043591";"2022MM06";"    3858";"    3724";"    1858";"    1866";"  631243";"  307267";"  323976";"  614908";"       0"
"1768";"A043591";"2022KW02";"   11263";"   10882";"    5444";"    5438";" 1795905";"  875555";"  920350";" 1754719";"       0"
"1769";"A043591";"2022MM07";"    4049";"    3909";"    1954";"    1955";"  662646";"  311307";"  351339";"  643419";"       0"
"1770";"A043591";"2022MM08";"    4067";"    3948";"    1970";"    1978";"  678848";"  350974";"  327874";"  659980";"      31"
"1771";"A043591";"2022MM09";"    3926";"    3800";"    1901";"    1899";"  636581";"  320394";"  316187";"  620735";"       0"
"1772";"A043591";"2022KW03";"   12042";"   11657";"    5825";"    5832";" 1978075";"  982675";"  995400";" 1924134";"      31"
"1773";"A043591";"2022MM10";"    4043";"    3935";"    1963";"    1972";"  669753";"  338590";"  331163";"  647591";"       0"
"1774";"A043591";"2022MM11";"    2740";"    2683";"    1337";"    1346";"  448417";"  231369";"  217048";"  430295";"       0"
"1775";"A043591";"2022MM12";"    2904";"    2838";"    1423";"    1415";"  452325";"  209040";"  243285";"  434389";"       0"
"1776";"A043591";"2022KW04";"    9687";"    9456";"    4723";"    4733";" 1570495";"  778999";"  791496";" 1512275";"       0"
"1777";"A043591";"2022JJ00";"   40256";"   38979";"   19481";"   19498";" 6330599";" 3138464";" 3192135";" 6164280";"      31"
"1778";"A043591";"2023MM01";"    2919";"    2843";"    1418";"    1425";"  452713";"  237296";"  215417";"  435133";"       0"
"1779";"A043591";"2023MM02";"    2637";"    2565";"    1286";"    1279";"  425978";"  205993";"  219985";"  410062";"       0"
"1780";"A043591";"2023MM03";"    3072";"    2970";"    1481";"    1489";"  503693";"  249548";"  254145";"  484924";"       0"
"1781";"A043591";"2023KW01";"    8628";"    8378";"    4185";"    4193";" 1382384";"  692837";"  689547";" 1330119";"       0"
"1782";"A043591";"2023MM04";"    3572";"    3495";"    1747";"    1748";"  597756";"  287605";"  310151";"  581582";"       0"
"1783";"A043591";"2023MM05";"    3964";"    3864";"    1929";"    1935";"  664708";"  332667";"  332041";"  644097";"       0"
"1784";"A043591";"2023MM06";"    3878";"    3774";"    1888";"    1886";"  640577";"  313569";"  327008";"  620844";"       0"
"1785";"A043591";"2023KW02";"   11414";"   11133";"    5564";"    5569";" 1903041";"  933841";"  969200";" 1846523";"       0"
"1786";"A043591";"2023MM07";"    4007";"    3915";"    1952";"    1963";"  671051";"  316732";"  354319";"  646436";"       0"
"1787";"A043591";"2023MM08";"    4003";"    3929";"    1961";"    1968";"  680983";"  352962";"  328021";"  656542";"       0"
"1788";"A043591";"2023MM09";"    4049";"    3941";"    1969";"    1972";"  667278";"  334875";"  332403";"  646998";"       0"
"1789";"A043591";"2023KW03";"   12059";"   11785";"    5882";"    5903";" 2019312";" 1004569";" 1014743";" 1949976";"       0"
"1790";"A043591";"2023MM10";"    3872";"    3803";"    1901";"    1902";"  661976";"  338262";"  323714";"  641645";"       0"
"1791";"A043591";"2023MM11";"    2692";"    2645";"    1322";"    1323";"  456544";"  233434";"  223110";"  437491";"       0"
"1792";"A043591";"2023MM12";"    2831";"    2800";"    1403";"    1397";"  453660";"  209774";"  243886";"  435695";"       0"
"1793";"A043591";"2023KW04";"    9395";"    9248";"    4626";"    4622";" 1572180";"  781470";"  790710";" 1514831";"       0"
"1794";"A043591";"2023JJ00";"   41496";"   40544";"   20257";"   20287";" 6876917";" 3412717";" 3464200";" 6641449";"       0"
"1795";"A043591";"2024MM01";"    2821";"    2755";"    1378";"    1377";"  443501";"  232486";"  211015";"  424370";"       0"
"1796";"A043591";"2024MM02";"    2785";"    2695";"    1344";"    1351";"  456692";"  223701";"  232991";"  437397";"       0"
"1797";"A043591";"2024MM03";"    3079";"    2971";"    1487";"    1484";"  505130";"  249405";"  255725";"  488323";"       0"
"1798";"A043591";"2024KW01";"    8685";"    8421";"    4209";"    4212";" 1405323";"  705592";"  699731";" 1350090";"       0"
"1799";"A043591";"2024MM04";"    3639";"    3552";"    1778";"    1774";"  610342";"  294726";"  315616";"  592984";"       0"
"1800";"A043591";"2024MM05";"    3978";"    3885";"    1943";"    1942";"  688046";"  343698";"  344348";"  664986";"       0"
"1801";"A043591";"2024MM06";"    3828";"    3743";"    1871";"    1872";"  658426";"  324560";"  333866";"  636910";"       0"
"1802";"A043591";"2024KW02";"   11445";"   11180";"    5592";"    5588";" 1956814";"  962984";"  993830";" 1894880";"       0"
"1803";"A043591";"2024MM07";"    3828";"    3735";"    1872";"    1863";"  651651";"  305914";"  345737";"  629594";"       0"
"1804";"A043591";"2024MM08";"    3722";"    3628";"    1812";"    1816";"  648552";"  334318";"  314234";"  627177";"       0"
"1805";"A043591";"2024MM09";"    3824";"    3726";"    1861";"    1865";"  650478";"  325818";"  324660";"  629812";"       0"
"1806";"A043591";"2024KW03";"   11374";"   11089";"    5545";"    5544";" 1950681";"  966050";"  984631";" 1886583";"       0"
"1807";"A043591";"2024MM10";"    3802";"    3708";"    1855";"    1853";"  652775";"  328842";"  323933";"  631158";"       0"
"1808";"A043591";"2024MM11";"    2762";"    2672";"    1338";"    1334";"  456393";"  233741";"  222652";"  433044";"       0"
"1809";"A043591";"2024MM12";"    2758";"    2656";"    1329";"    1327";"  437158";"  202087";"  235071";"  414903";"       0"
"1810";"A043591";"2024KW04";"    9322";"    9036";"    4522";"    4514";" 1546326";"  764670";"  781656";" 1479105";"       0"
"1811";"A043591";"2024JJ00";"   40826";"   39726";"   19868";"   19858";" 6859144";" 3399296";" 3459848";" 6610658";"       0"
"1812";"A043591";"2025MM01";"    2602";"    2531";"    1258";"    1273";"  418306";"  214102";"  204204";"  395597";"       0"
"1813";"A043591";"2025MM02";"    2631";"    2549";"    1277";"    1272";"  433794";"  211243";"  222551";"  409091";"       0"
"1814";"A043591";"2025MM03";"    3108";"    3029";"    1514";"    1515";"  514632";"  256822";"  257810";"  490113";"       0"
"1815";"A043591";"2025KW01";"    8341";"    8109";"    4049";"    4060";" 1366732";"  682167";"  684565";" 1294801";"       0"
"1816";"A043591";"2025MM04";"    3691";"    3618";"    1814";"    1804";"  627742";"  299819";"  327923";"  605068";"       0"
"1817";"A043591";"2025MM05";"    4023";"    3944";"    1969";"    1975";"  697867";"  346598";"  351269";"  672736";"       0"
"1818";"A043591";"2025MM06";"    3834";"    3766";"    1884";"    1882";"  673639";"  335104";"  338535";"  649184";"       0"
"1819";"A043591";"2025KW02";"   11548";"   11328";"    5667";"    5661";" 1999248";"  981521";" 1017727";" 1926988";"       0"
"1820";"A043591";"2025MM07";"    3895";"    3804";"    1903";"    1901";"  663415";"  311042";"  352373";"  639976";"       0"
"1821";"A043591";"2025MM08";"    3926";"    3848";"    1918";"    1930";"  695780";"  357581";"  338199";"  667653";"       0"
"1822";"A043591";"2025MM09";"    3920";"    3818";"    1913";"    1905";"  677717";"  339328";"  338389";"  651775";"       0"
"1823";"A043591";"2025KW03";"   11741";"   11470";"    5734";"    5736";" 2036912";" 1007951";" 1028961";" 1959404";"       0"
"1824";"A043595";"1997JJ00";"   23099";"    9072";"    4549";"    4523";"  231908";"  115769";"  116139";"  230447";"       0"
"1825";"A043595";"1998JJ00";"   20832";"    8679";"    4366";"    4313";"  240657";"  121666";"  118991";"  239615";"       0"
"1826";"A043595";"1999MM01";"    1391";"     693";"     350";"     343";"   12241";"    6448";"    5793";"   12192";"       0"
"1827";"A043595";"1999MM02";"    1293";"     657";"     329";"     328";"   13813";"    7037";"    6776";"   13637";"       0"
"1828";"A043595";"1999MM03";"    2062";"     781";"     390";"     391";"   14769";"    7433";"    7336";"   14637";"       0"
"1829";"A043595";"1999KW01";"    4746";"    2131";"    1069";"    1062";"   40823";"   20918";"   19905";"   40466";"       0"
"1830";"A043595";"1999MM04";"    1762";"     753";"     378";"     375";"   16449";"    7484";"    8965";"   16080";"       0"
"1831";"A043595";"1999MM05";"    2030";"     925";"     464";"     461";"   30875";"   14655";"   16220";"   30631";"       0"
"1832";"A043595";"1999MM06";"    2210";"     977";"     492";"     485";"   32141";"   14437";"   17704";"   31966";"       0"
"1833";"A043595";"1999KW02";"    6002";"    2655";"    1334";"    1321";"   79465";"   36576";"   42889";"   78677";"       0"
"1834";"A043595";"1999MM07";"    2050";"     966";"     484";"     482";"   39008";"   17298";"   21710";"   38850";"       0"
"1835";"A043595";"1999MM08";"    1942";"     958";"     481";"     477";"   37868";"   22320";"   15548";"   36879";"       0"
"1836";"A043595";"1999MM09";"    1889";"     907";"     453";"     454";"   34732";"   18176";"   16556";"   34550";"       0"
"1837";"A043595";"1999KW03";"    5881";"    2831";"    1418";"    1413";"  111608";"   57794";"   53814";"  110279";"       0"
"1838";"A043595";"1999MM10";"    1759";"     898";"     451";"     447";"   28371";"   15556";"   12815";"   28151";"       0"
"1839";"A043595";"1999MM11";"    1564";"     826";"     415";"     411";"   18469";"    9481";"    8988";"   17965";"       0"
"1840";"A043595";"1999MM12";"    1356";"     832";"     418";"     414";"   14552";"    7527";"    7025";"   13713";"       0"
"1841";"A043595";"1999KW04";"    4679";"    2556";"    1284";"    1272";"   61392";"   32564";"   28828";"   59829";"       0"
"1842";"A043595";"1999JJ00";"   21308";"   10173";"    5105";"    5068";"  293288";"  147852";"  145436";"  289251";"       0"
"1843";"A043595";"2000MM01";"    1519";"     783";"     388";"     395";"   16605";"    7250";"    9355";"   15672";"       0"
"1844";"A043595";"2000MM02";"    1792";"     890";"     445";"     445";"   16167";"    6775";"    9392";"   15544";"       0"
"1845";"A043595";"2000MM03";"    1970";"     952";"     482";"     470";"   20566";"    8964";"   11602";"   19343";"       0"
"1846";"A043595";"2000KW01";"    5281";"    2625";"    1315";"    1310";"   53338";"   22989";"   30349";"   50559";"       0"
"1847";"A043595";"2000MM04";"    1977";"     962";"     481";"     481";"   22148";"    9065";"   13083";"   21453";"       0"
"1848";"A043595";"2000MM05";"    2323";"    1256";"     628";"     628";"   41121";"   17945";"   23176";"   41116";"       0"
"1849";"A043595";"2000MM06";"    2508";"    1244";"     625";"     619";"   48246";"   21355";"   26891";"   48246";"       0"
"1850";"A043595";"2000KW02";"    6808";"    3462";"    1734";"    1728";"  111515";"   48365";"   63150";"  110815";"       0"
"1851";"A043595";"2000MM07";"    2115";"    1251";"     623";"     628";"   51872";"   21302";"   30570";"   51870";"       0"
"1852";"A043595";"2000MM08";"    2384";"    1269";"     640";"     629";"   45354";"   23911";"   21443";"   45354";"       0"
"1853";"A043595";"2000MM09";"    2242";"    1188";"     593";"     595";"   45540";"   21166";"   24374";"   45540";"       0"
"1854";"A043595";"2000KW03";"    6741";"    3708";"    1856";"    1852";"  142766";"   66379";"   76387";"  142764";"       0"
"1855";"A043595";"2000MM10";"    2087";"    1244";"     619";"     625";"   36927";"   18578";"   18349";"   36927";"       0"
"1856";"A043595";"2000MM11";"    2090";"    1133";"     558";"     575";"   20366";"    9442";"   10924";"   20359";"       0"
"1857";"A043595";"2000MM12";"    1694";"    1008";"     505";"     503";"   17984";"    8165";"    9819";"   17984";"       0"
"1858";"A043595";"2000KW04";"    5871";"    3385";"    1682";"    1703";"   75277";"   36185";"   39092";"   75270";"       0"
"1859";"A043595";"2000JJ00";"   24701";"   13180";"    6587";"    6593";"  382896";"  173918";"  208978";"  379408";"       0"
"1860";"A043595";"2001MM01";"    1992";"    1241";"     621";"     620";"   19298";"    9165";"   10133";"   19298";"       0"
"1861";"A043595";"2001MM02";"    1856";"    1085";"     544";"     541";"   18992";"    8356";"   10636";"   18987";"       0"
"1862";"A043595";"2001MM03";"    2105";"    1169";"     584";"     585";"   22564";"   10246";"   12318";"   22562";"       0"
"1863";"A043595";"2001KW01";"    5953";"    3495";"    1749";"    1746";"   60854";"   27767";"   33087";"   60847";"       0"
"1864";"A043595";"2001MM04";"    1951";"     949";"     477";"     472";"   22536";"    9182";"   13354";"   22536";"       0"
"1865";"A043595";"2001MM05";"    2228";"    1138";"     567";"     571";"   40072";"   16645";"   23427";"   40046";"       0"
"1866";"A043595";"2001MM06";"    2171";"    1092";"     545";"     547";"   41049";"   17959";"   23090";"   41049";"       0"
"1867";"A043595";"2001KW02";"    6350";"    3179";"    1589";"    1590";"  103657";"   43786";"   59871";"  103631";"       0"
"1868";"A043595";"2001MM07";"    2059";"    1157";"     580";"     577";"   45029";"   18822";"   26207";"   45027";"       0"
"1869";"A043595";"2001MM08";"    1978";"    1134";"     570";"     564";"   42178";"   20717";"   21461";"   42178";"       0"
"1870";"A043595";"2001MM09";"    1878";"    1099";"     558";"     541";"   40793";"   17472";"   23321";"   40786";"       0"
"1871";"A043595";"2001KW03";"    5915";"    3390";"    1708";"    1682";"  128000";"   57011";"   70989";"  127991";"       0"
"1872";"A043595";"2001MM10";"    1881";"    1130";"     570";"     560";"   35838";"   17352";"   18486";"   35838";"       0"
"1873";"A043595";"2001MM11";"    1318";"     771";"     389";"     382";"   17534";"    7990";"    9544";"   17288";"       0"
"1874";"A043595";"2001MM12";"    1186";"     665";"     334";"     331";"   13676";"    6115";"    7561";"   12958";"       0"
"1875";"A043595";"2001KW04";"    4385";"    2566";"    1293";"    1273";"   67048";"   31457";"   35591";"   66084";"       0"
"1876";"A043595";"2001JJ00";"   22603";"   12630";"    6339";"    6291";"  359559";"  160021";"  199538";"  358553";"       0"
"1877";"A043595";"2002MM01";"    1363";"     792";"     398";"     394";"   14880";"    7059";"    7821";"   13523";"       0"
"1878";"A043595";"2002MM02";"    1242";"     740";"     372";"     368";"   16444";"    7618";"    8826";"   14624";"       0"
"1879";"A043595";"2002MM03";"    1949";"     819";"     412";"     407";"   18178";"    8783";"    9395";"   16809";"       0"
"1880";"A043595";"2002KW01";"    4554";"    2351";"    1182";"    1169";"   49502";"   23460";"   26042";"   44956";"       0"
"1881";"A043595";"2002MM04";"    1729";"     772";"     386";"     386";"   21399";"    8383";"   13016";"   20182";"       0"
"1882";"A043595";"2002MM05";"    1683";"     814";"     408";"     406";"   40781";"   15858";"   24923";"   40188";"       1"
"1883";"A043595";"2002MM06";"    1898";"     822";"     410";"     412";"   33545";"   14028";"   19517";"   32748";"       0"
"1884";"A043595";"2002KW02";"    5310";"    2408";"    1204";"    1204";"   95725";"   38269";"   57456";"   93118";"       1"
"1885";"A043595";"2002MM07";"    1811";"     847";"     422";"     425";"   37349";"   14219";"   23130";"   37349";"       0"
"1886";"A043595";"2002MM08";"    1555";"     777";"     387";"     390";"   34164";"   15512";"   18652";"   34140";"       0"
"1887";"A043595";"2002MM09";"    1815";"     871";"     430";"     441";"   36059";"   14705";"   21354";"   36037";"      17"
"1888";"A043595";"2002KW03";"    5181";"    2495";"    1239";"    1256";"  107572";"   44436";"   63136";"  107526";"      17"
"1889";"A043595";"2002MM10";"    1536";"     794";"     397";"     397";"   31260";"   15071";"   16189";"   31260";"       0"
"1890";"A043595";"2002MM11";"    1307";"     624";"     314";"     310";"   15718";"    6801";"    8917";"   15705";"       0"
"1891";"A043595";"2002MM12";"     922";"     537";"     267";"     270";"   12556";"    4934";"    7622";"   12542";"       0"
"1892";"A043595";"2002KW04";"    3765";"    1955";"     978";"     977";"   59534";"   26806";"   32728";"   59507";"       0"
"1893";"A043595";"2002JJ00";"   18810";"    9209";"    4603";"    4606";"  312333";"  132971";"  179362";"  305107";"      18"
"1894";"A043595";"2003MM01";"    1044";"     580";"     291";"     289";"   10018";"    4911";"    5107";"   10018";"       0"
"1895";"A043595";"2003MM02";"    1171";"     566";"     283";"     283";"   10882";"    5340";"    5542";"   10882";"       0"
"1896";"A043595";"2003MM03";"    1657";"     626";"     310";"     316";"   12445";"    6600";"    5845";"   11963";"     197"
"1897";"A043595";"2003KW01";"    3872";"    1772";"     884";"     888";"   33345";"   16851";"   16494";"   32863";"     197"
"1898";"A043595";"2003MM04";"    1283";"     574";"     288";"     286";"   12390";"    4767";"    7623";"   12390";"       0"
"1899";"A043595";"2003MM05";"    1315";"     706";"     354";"     352";"   33450";"   15974";"   17476";"   33448";"       0"
"1900";"A043595";"2003MM06";"    1323";"     682";"     338";"     344";"   32008";"   16517";"   15491";"   32008";"       0"
"1901";"A043595";"2003KW02";"    3921";"    1962";"     980";"     982";"   77848";"   37258";"   40590";"   77846";"       0"
"1902";"A043595";"2003MM07";"    1326";"     666";"     334";"     332";"   29193";"   13113";"   16080";"   29193";"       0"
"1903";"A043595";"2003MM08";"    1362";"     662";"     330";"     332";"   38545";"   20270";"   18275";"   38545";"       0"
"1904";"A043595";"2003MM09";"    1588";"     795";"     397";"     398";"   34056";"   16588";"   17468";"   34053";"       3"
"1905";"A043595";"2003KW03";"    4276";"    2123";"    1061";"    1062";"  101794";"   49971";"   51823";"  101791";"       3"
"1906";"A043595";"2003MM10";"    1324";"     697";"     349";"     348";"   30136";"   16317";"   13819";"   30136";"       0"
"1907";"A043595";"2003MM11";"    1176";"     655";"     329";"     326";"   16029";"    8259";"    7770";"   16025";"       0"
"1908";"A043595";"2003MM12";"    1015";"     589";"     293";"     296";"   14195";"    6912";"    7283";"   14195";"       0"
"1909";"A043595";"2003KW04";"    3515";"    1941";"     971";"     970";"   60360";"   31488";"   28872";"   60356";"       0"
"1910";"A043595";"2003JJ00";"   15584";"    7798";"    3896";"    3902";"  273347";"  135568";"  137779";"  272856";"     200"
"1911";"A043595";"2004MM01";"     821";"     497";"     249";"     248";"   10260";"    4858";"    5402";"   10079";"       0"
"1912";"A043595";"2004MM02";"     880";"     491";"     245";"     246";"    9310";"    4729";"    4581";"    9310";"       0"
"1913";"A043595";"2004MM03";"    1509";"     538";"     274";"     264";"    9979";"    4991";"    4988";"    9979";"       0"
"1914";"A043595";"2004KW01";"    3210";"    1526";"     768";"     758";"   29549";"   14578";"   14971";"   29368";"       0"
"1915";"A043595";"2004MM04";"    1123";"     511";"     258";"     253";"   13851";"    5636";"    8215";"   13851";"       0"
"1916";"A043595";"2004MM05";"    1340";"     665";"     330";"     335";"   28888";"   14657";"   14231";"   28888";"       0"
"1917";"A043595";"2004MM06";"    1192";"     688";"     347";"     341";"   29882";"   15495";"   14387";"   29882";"       0"
"1918";"A043595";"2004KW02";"    3655";"    1864";"     935";"     929";"   72621";"   35788";"   36833";"   72621";"       0"
"1919";"A043595";"2004MM07";"    1245";"     636";"     317";"     319";"   23619";"   10800";"   12819";"   23619";"       0"
"1920";"A043595";"2004MM08";"    1174";"     626";"     320";"     306";"   29598";"   15232";"   14366";"   29596";"       2"
"1921";"A043595";"2004MM09";"    1369";"     614";"     309";"     305";"   27625";"   13652";"   13973";"   27623";"       0"
"1922";"A043595";"2004KW03";"    3788";"    1876";"     946";"     930";"   80842";"   39684";"   41158";"   80838";"       2"
"1923";"A043595";"2004MM10";"    1271";"     640";"     321";"     319";"   23528";"   13727";"    9801";"   23452";"       0"
"1924";"A043595";"2004MM11";"     928";"     562";"     281";"     281";"   11314";"    6106";"    5208";"   10260";"       0"
"1925";"A043595";"2004MM12";"     886";"     587";"     314";"     273";"   10464";"    5399";"    5065";"    8983";"       0"
"1926";"A043595";"2004KW04";"    3085";"    1789";"     916";"     873";"   45306";"   25232";"   20074";"   42695";"       0"
"1927";"A043595";"2004JJ00";"   13738";"    7055";"    3565";"    3490";"  228318";"  115282";"  113036";"  225522";"       2"
"1928";"A043595";"2005MM01";"     901";"     494";"     248";"     246";"    7767";"    4145";"    3622";"    6422";"       0"
"1929";"A043595";"2005MM02";"     746";"     444";"     221";"     223";"    7983";"    3941";"    4042";"    6646";"       0"
"1930";"A043595";"2005MM03";"     997";"     466";"     234";"     232";"    8885";"    4607";"    4278";"    7274";"       0"
"1931";"A043595";"2005KW01";"    2644";"    1404";"     703";"     701";"   24635";"   12693";"   11942";"   20342";"       0"
"1932";"A043595";"2005MM04";"     974";"     593";"     295";"     298";"   19231";"    8032";"   11199";"   18975";"       0"
"1933";"A043595";"2005MM05";"    1210";"     773";"     383";"     390";"   44572";"   22005";"   22567";"   44389";"       0"
"1934";"A043595";"2005MM06";"    1166";"     734";"     365";"     369";"   35524";"   18117";"   17407";"   35274";"       0"
"1935";"A043595";"2005KW02";"    3350";"    2100";"    1043";"    1057";"   99327";"   48154";"   51173";"   98638";"       0"
"1936";"A043595";"2005MM07";"    1032";"     673";"     336";"     337";"   39695";"   18191";"   21504";"   39695";"       0"
"1937";"A043595";"2005MM08";"    1108";"     684";"     337";"     347";"   38645";"   20778";"   17867";"   38645";"       0"
"1938";"A043595";"2005MM09";"    1169";"     761";"     382";"     379";"   38700";"   18966";"   19734";"   38699";"       0"
"1939";"A043595";"2005KW03";"    3309";"    2118";"    1055";"    1063";"  117040";"   57935";"   59105";"  117039";"       0"
"1940";"A043595";"2005MM10";"    1078";"     747";"     371";"     376";"   36017";"   19402";"   16615";"   35433";"       0"
"1941";"A043595";"2005MM11";"     761";"     530";"     264";"     266";"   18133";"    9773";"    8360";"   18130";"       0"
"1942";"A043595";"2005MM12";"     420";"     293";"     146";"     147";"    9039";"    4647";"    4392";"    9039";"       0"
"1943";"A043595";"2005KW04";"    2259";"    1570";"     781";"     789";"   63189";"   33822";"   29367";"   62602";"       0"
"1944";"A043595";"2005JJ00";"   11562";"    7192";"    3582";"    3610";"  304191";"  152604";"  151587";"  298621";"       0"
"1945";"A043595";"2006MM01";"    1162";"     904";"     454";"     450";"   14606";"    7586";"    7020";"   14574";"       0"
"1946";"A043595";"2006MM02";"     962";"     796";"     396";"     400";"   14578";"    7191";"    7387";"   14575";"       0"
"1947";"A043595";"2006MM03";"    1606";"     973";"     485";"     488";"   19964";"   10093";"    9871";"   19963";"       0"
"1948";"A043595";"2006KW01";"    3730";"    2673";"    1335";"    1338";"   49148";"   24870";"   24278";"   49112";"       0"
"1949";"A043595";"2006MM04";"    1303";"    1003";"     504";"     499";"   23640";"   11071";"   12569";"   23630";"       0"
"1950";"A043595";"2006MM05";"    1566";"    1201";"     597";"     604";"   31133";"   15034";"   16099";"   30876";"       0"
"1951";"A043595";"2006MM06";"    1532";"    1149";"     572";"     577";"   29044";"   14258";"   14786";"   28562";"       0"
"1952";"A043595";"2006KW02";"    4401";"    3353";"    1673";"    1680";"   83817";"   40363";"   43454";"   83068";"       0"
"1953";"A043595";"2006MM07";"    1564";"    1218";"     606";"     612";"   33814";"   16018";"   17796";"   33686";"      92"
"1954";"A043595";"2006MM08";"    1584";"    1240";"     621";"     619";"   29995";"   16314";"   13681";"   29985";"       0"
"1955";"A043595";"2006MM09";"    1528";"    1098";"     545";"     553";"   27698";"   13638";"   14060";"   27696";"       0"
"1956";"A043595";"2006KW03";"    4676";"    3556";"    1772";"    1784";"   91507";"   45970";"   45537";"   91367";"      92"
"1957";"A043595";"2006MM10";"    1536";"    1067";"     536";"     531";"   21703";"   11554";"   10149";"   21701";"       0"
"1958";"A043595";"2006MM11";"    1221";"     889";"     447";"     442";"   12853";"    6587";"    6266";"   12851";"       0"
"1959";"A043595";"2006MM12";"    1026";"     762";"     383";"     379";"   11058";"    5394";"    5664";"   11058";"       0"
"1960";"A043595";"2006KW04";"    3783";"    2718";"    1366";"    1352";"   45614";"   23535";"   22079";"   45610";"       0"
"1961";"A043595";"2006JJ00";"   16590";"   12300";"    6146";"    6154";"  270086";"  134738";"  135348";"  269157";"      92"
"1962";"A043595";"2007MM01";"     979";"     676";"     336";"     340";"    5268";"    2641";"    2627";"    5264";"       0"
"1963";"A043595";"2007MM02";"     944";"     699";"     349";"     350";"    5115";"    2624";"    2491";"    5115";"       0"
"1964";"A043595";"2007MM03";"    1625";"     808";"     402";"     406";"    6971";"    3369";"    3602";"    6971";"       0"
"1965";"A043595";"2007KW01";"    3548";"    2183";"    1087";"    1096";"   17354";"    8634";"    8720";"   17350";"       0"
"1966";"A043595";"2007MM04";"    1246";"     775";"     393";"     382";"    5958";"    2865";"    3093";"    5957";"       1"
"1967";"A043595";"2007MM05";"    1347";"     946";"     473";"     473";"   10417";"    4993";"    5424";"   10417";"       0"
"1968";"A043595";"2007MM06";"    1338";"     995";"     493";"     502";"   14702";"    6795";"    7907";"   14701";"       0"
"1969";"A043595";"2007KW02";"    3931";"    2716";"    1359";"    1357";"   31077";"   14653";"   16424";"   31075";"       1"
"1970";"A043595";"2007MM07";"    1338";"     954";"     479";"     475";"   15419";"    7019";"    8400";"   15413";"       0"
"1971";"A043595";"2007MM08";"    1294";"     896";"     448";"     448";"   15069";"    8516";"    6553";"   15067";"       0"
"1972";"A043595";"2007MM09";"    1401";"     814";"     407";"     407";"   15095";"    7419";"    7676";"   15089";"       0"
"1973";"A043595";"2007KW03";"    4033";"    2664";"    1334";"    1330";"   45583";"   22954";"   22629";"   45569";"       0"
"1974";"A043595";"2007MM10";"    1262";"     750";"     373";"     377";"   11153";"    5690";"    5463";"   11153";"       0"
"1975";"A043595";"2007MM11";"    1201";"     857";"     427";"     430";"   14774";"    7416";"    7358";"   14767";"       0"
"1976";"A043595";"2007MM12";"    1092";"     773";"     384";"     389";"   14638";"    7066";"    7572";"   14406";"       0"
"1977";"A043595";"2007KW04";"    3555";"    2380";"    1184";"    1196";"   40565";"   20172";"   20393";"   40326";"       0"
"1978";"A043595";"2007JJ00";"   15067";"    9943";"    4964";"    4979";"  134579";"   66413";"   68166";"  134320";"       1"
"1979";"A043595";"2008MM01";"    1200";"     827";"     412";"     415";"   13529";"    6581";"    6948";"   13454";"       0"
"1980";"A043595";"2008MM02";"    1246";"     794";"     399";"     395";"   15611";"    7674";"    7937";"   15465";"       0"
"1981";"A043595";"2008MM03";"    1644";"     863";"     430";"     433";"   17906";"    8623";"    9283";"   17906";"       0"
"1982";"A043595";"2008KW01";"    4090";"    2484";"    1241";"    1243";"   47046";"   22878";"   24168";"   46825";"       0"
"1983";"A043595";"2008MM04";"    1438";"     890";"     443";"     447";"   19662";"    9150";"   10512";"   19660";"       0"
"1984";"A043595";"2008MM05";"    1578";"    1087";"     540";"     547";"   24653";"   12166";"   12487";"   24653";"       0"
"1985";"A043595";"2008MM06";"    1595";"    1066";"     535";"     531";"   23184";"   11246";"   11938";"   23176";"       0"
"1986";"A043595";"2008KW02";"    4611";"    3043";"    1518";"    1525";"   67499";"   32562";"   34937";"   67489";"       0"
"1987";"A043595";"2008MM07";"    1653";"    1177";"     588";"     589";"   25643";"   11734";"   13909";"   25643";"       0"
"1988";"A043595";"2008MM08";"    1557";"    1097";"     547";"     550";"   25284";"   13739";"   11545";"   25284";"       0"
"1989";"A043595";"2008MM09";"    1927";"    1128";"     563";"     565";"   25293";"   12416";"   12877";"   25071";"       0"
"1990";"A043595";"2008KW03";"    5137";"    3402";"    1698";"    1704";"   76220";"   37889";"   38331";"   75998";"       0"
"1991";"A043595";"2008MM10";"    1498";"     992";"     498";"     494";"   22152";"   11948";"   10204";"   21977";"       0"
"1992";"A043595";"2008MM11";"     880";"     544";"     273";"     271";"   10645";"    5971";"    4674";"   10645";"       0"
"1993";"A043595";"2008MM12";"     666";"     430";"     213";"     217";"    8262";"    4118";"    4144";"    8262";"       0"
"1994";"A043595";"2008KW04";"    3044";"    1966";"     984";"     982";"   41059";"   22037";"   19022";"   40884";"       0"
"1995";"A043595";"2008JJ00";"   16882";"   10895";"    5441";"    5454";"  231824";"  115366";"  116458";"  231196";"       0"
"1996";"A043595";"2009MM01";"     759";"     418";"     207";"     211";"    4060";"    2441";"    1619";"    4056";"       0"
"1997";"A043595";"2009MM02";"     706";"     396";"     199";"     197";"    1567";"     800";"     767";"    1567";"       0"
"1998";"A043595";"2009MM03";"    1251";"     438";"     219";"     219";"    1401";"     628";"     773";"    1401";"       0"
"1999";"A043595";"2009KW01";"    2716";"    1252";"     625";"     627";"    7028";"    3869";"    3159";"    7024";"       0"
"2000";"A043595";"2009MM04";"    1292";"     592";"     296";"     296";"   12373";"    5538";"    6835";"   12373";"       0"
"2001";"A043595";"2009MM05";"    1227";"     709";"     355";"     354";"   16456";"    8459";"    7997";"   16456";"       0"
"2002";"A043595";"2009MM06";"    1290";"     695";"     349";"     346";"   16085";"    7968";"    8117";"   16085";"       0"
"2003";"A043595";"2009KW02";"    3809";"    1996";"    1000";"     996";"   44914";"   21965";"   22949";"   44914";"       0"
"2004";"A043595";"2009MM07";"    1292";"     737";"     368";"     369";"   18771";"    8305";"   10466";"   18550";"       0"
"2005";"A043595";"2009MM08";"    1460";"     731";"     363";"     368";"   21332";"   11511";"    9821";"   21332";"       0"
"2006";"A043595";"2009MM09";"    1367";"     731";"     367";"     364";"   17157";"    8721";"    8436";"   17153";"       0"
"2007";"A043595";"2009KW03";"    4119";"    2199";"    1098";"    1101";"   57260";"   28537";"   28723";"   57035";"       0"
"2008";"A043595";"2009MM10";"    1172";"     665";"     332";"     333";"   14304";"    7713";"    6591";"   14296";"       0"
"2009";"A043595";"2009MM11";"    1012";"     525";"     264";"     261";"    5425";"    2873";"    2552";"    5425";"       0"
"2010";"A043595";"2009MM12";"     899";"     522";"     258";"     264";"    6765";"    3463";"    3302";"    6765";"       0"
"2011";"A043595";"2009KW04";"    3083";"    1712";"     854";"     858";"   26494";"   14049";"   12445";"   26486";"       0"
"2012";"A043595";"2009JJ00";"   13727";"    7159";"    3577";"    3582";"  135696";"   68420";"   67276";"  135459";"       0"
"2013";"A043595";"2010MM01";"     765";"     528";"     267";"     261";"    5285";"    2652";"    2633";"    5285";"       0"
"2014";"A043595";"2010MM02";"     764";"     505";"     256";"     249";"    5391";"    2700";"    2691";"    5391";"       0"
"2015";"A043595";"2010MM03";"    1596";"     562";"     283";"     279";"    7807";"    3611";"    4196";"    7803";"       0"
"2016";"A043595";"2010KW01";"    3125";"    1595";"     806";"     789";"   18483";"    8963";"    9520";"   18479";"       0"
"2017";"A043595";"2010MM04";"    1169";"     503";"     251";"     252";"   11353";"    5067";"    6286";"   11349";"       0"
"2018";"A043595";"2010MM05";"    1476";"     788";"     398";"     390";"   22578";"   11452";"   11126";"   21777";"     319"
"2019";"A043595";"2010MM06";"    1598";"     836";"     417";"     419";"   25498";"   12313";"   13185";"   25498";"       0"
"2020";"A043595";"2010KW02";"    4243";"    2127";"    1066";"    1061";"   59429";"   28832";"   30597";"   58624";"     319"
"2021";"A043595";"2010MM07";"    1609";"     881";"     443";"     438";"   34321";"   14684";"   19637";"   34321";"       0"
"2022";"A043595";"2010MM08";"    1496";"     952";"     478";"     474";"   35917";"   20157";"   15760";"   35917";"       0"
"2023";"A043595";"2010MM09";"    1448";"     902";"     452";"     450";"   32011";"   16829";"   15182";"   31064";"     496"
"2024";"A043595";"2010KW03";"    4553";"    2735";"    1373";"    1362";"  102249";"   51670";"   50579";"  101302";"     496"
"2025";"A043595";"2010MM10";"    1471";"     867";"     433";"     434";"   29690";"   15391";"   14299";"   29686";"       0"
"2026";"A043595";"2010MM11";"     996";"     570";"     283";"     287";"    9150";"    4937";"    4213";"    9148";"       0"
"2027";"A043595";"2010MM12";"     723";"     549";"     278";"     271";"    7634";"    3539";"    4095";"    7633";"       0"
"2028";"A043595";"2010KW04";"    3190";"    1986";"     994";"     992";"   46474";"   23867";"   22607";"   46467";"       0"
"2029";"A043595";"2010JJ00";"   15111";"    8443";"    4239";"    4204";"  226635";"  113332";"  113303";"  224872";"     815"
"2030";"A043595";"2011MM01";"     726";"     288";"     144";"     144";"    7774";"    4092";"    3682";"    7770";"       0"
"2031";"A043595";"2011MM02";"     743";"     299";"     148";"     151";"    8464";"    3862";"    4602";"    8463";"       0"
"2032";"A043595";"2011MM03";"    1265";"     406";"     202";"     204";"   17592";"    8513";"    9079";"   17590";"       0"
"2033";"A043595";"2011KW01";"    2734";"     993";"     494";"     499";"   33830";"   16467";"   17363";"   33823";"       0"
"2034";"A043595";"2011MM04";"    1036";"     550";"     276";"     274";"   36048";"   16589";"   19459";"   36048";"       0"
"2035";"A043595";"2011MM05";"    1107";"     609";"     305";"     304";"   40370";"   20321";"   20049";"   40370";"       0"
"2036";"A043595";"2011MM06";"    1022";"     629";"     313";"     316";"   40209";"   19521";"   20688";"   40040";"       0"
"2037";"A043595";"2011KW02";"    3165";"    1788";"     894";"     894";"  116627";"   56431";"   60196";"  116458";"       0"
"2038";"A043595";"2011MM07";"     968";"     576";"     289";"     287";"   44085";"   19547";"   24538";"   43713";"       0"
"2039";"A043595";"2011MM08";"    1018";"     596";"     298";"     298";"   46920";"   24921";"   21999";"   46705";"       2"
"2040";"A043595";"2011MM09";"    1126";"     580";"     292";"     288";"   41470";"   20997";"   20473";"   41470";"       0"
"2041";"A043595";"2011KW03";"    3112";"    1752";"     879";"     873";"  132475";"   65465";"   67010";"  131888";"       2"
"2042";"A043595";"2011MM10";"    1033";"     562";"     284";"     278";"   38851";"   19784";"   19067";"   38851";"       0"
"2043";"A043595";"2011MM11";"     708";"     329";"     167";"     162";"    6751";"    3822";"    2929";"    6528";"       0"
"2044";"A043595";"2011MM12";"     612";"     346";"     170";"     176";"    5376";"    2266";"    3110";"    4873";"       0"
"2045";"A043595";"2011KW04";"    2353";"    1237";"     621";"     616";"   50978";"   25872";"   25106";"   50252";"       0"
"2046";"A043595";"2011JJ00";"   11364";"    5770";"    2888";"    2882";"  333910";"  164235";"  169675";"  332421";"       2"
"2047";"A043595";"2012MM01";"     733";"     308";"     154";"     154";"    4909";"    2684";"    2225";"    4308";"       0"
"2048";"A043595";"2012MM02";"     675";"     336";"     169";"     167";"    4223";"    1970";"    2253";"    4221";"       0"
"2049";"A043595";"2012MM03";"    1179";"     372";"     186";"     186";"    9478";"    3710";"    5768";"    9472";"       0"
"2050";"A043595";"2012KW01";"    2587";"    1016";"     509";"     507";"   18610";"    8364";"   10246";"   18001";"       0"
"2051";"A043595";"2012MM04";"     836";"     473";"     239";"     234";"   31828";"   15067";"   16761";"   31824";"       0"
"2052";"A043595";"2012MM05";"     956";"     566";"     278";"     288";"   36673";"   18101";"   18572";"   36671";"       0"
"2053";"A043595";"2012MM06";"     989";"     518";"     262";"     256";"   33476";"   15955";"   17521";"   33476";"       0"
"2054";"A043595";"2012KW02";"    2781";"    1557";"     779";"     778";"  101977";"   49123";"   52854";"  101971";"       0"
"2055";"A043595";"2012MM07";"     999";"     545";"     273";"     272";"   46797";"   20465";"   26332";"   46792";"       0"
"2056";"A043595";"2012MM08";"    1055";"     543";"     271";"     272";"   45125";"   25213";"   19912";"   45117";"       0"
"2057";"A043595";"2012MM09";"    1015";"     513";"     256";"     257";"   36458";"   18666";"   17792";"   36454";"       0"
"2058";"A043595";"2012KW03";"    3069";"    1601";"     800";"     801";"  128380";"   64344";"   64036";"  128363";"       0"
"2059";"A043595";"2012MM10";"     901";"     512";"     258";"     254";"   31208";"   16248";"   14960";"   31204";"       0"
"2060";"A043595";"2012MM11";"     671";"     355";"     178";"     177";"    8555";"    4620";"    3935";"    8555";"       0"
"2061";"A043595";"2012MM12";"     630";"     404";"     204";"     200";"   16709";"    8012";"    8697";"   16707";"       0"
"2062";"A043595";"2012KW04";"    2202";"    1271";"     640";"     631";"   56472";"   28880";"   27592";"   56466";"       0"
"2063";"A043595";"2012JJ00";"   10639";"    5445";"    2728";"    2717";"  305439";"  150711";"  154728";"  304801";"       0"
"2064";"A043595";"2013MM01";"     607";"     414";"     207";"     207";"   16087";"    8270";"    7817";"   16086";"       0"
"2065";"A043595";"2013MM02";"     618";"     401";"     204";"     197";"   16421";"    8036";"    8385";"   16417";"       0"
"2066";"A043595";"2013MM03";"    1224";"     479";"     235";"     244";"   21892";"   10118";"   11774";"   21892";"       0"
"2067";"A043595";"2013KW01";"    2449";"    1294";"     646";"     648";"   54400";"   26424";"   27976";"   54395";"       0"
"2068";"A043595";"2013MM04";"     917";"     580";"     291";"     289";"   43092";"   20780";"   22312";"   43091";"       0"
"2069";"A043595";"2013MM05";"     959";"     613";"     307";"     306";"   47093";"   23689";"   23404";"   47093";"       0"
"2070";"A043595";"2013MM06";"    1021";"     607";"     304";"     303";"   41080";"   20095";"   20985";"   41075";"       0"
"2071";"A043595";"2013KW02";"    2897";"    1800";"     902";"     898";"  131265";"   64564";"   66701";"  131259";"       0"
"2072";"A043595";"2013MM07";"     916";"     656";"     327";"     329";"   57650";"   25600";"   32050";"   57637";"       0"
"2073";"A043595";"2013MM08";"     971";"     626";"     310";"     316";"   58868";"   31965";"   26903";"   58864";"       0"
"2074";"A043595";"2013MM09";"     950";"     590";"     293";"     297";"   44163";"   23100";"   21063";"   44163";"       0"
"2075";"A043595";"2013KW03";"    2837";"    1872";"     930";"     942";"  160681";"   80665";"   80016";"  160664";"       0"
"2076";"A043595";"2013MM10";"     976";"     613";"     310";"     303";"   48287";"   24950";"   23337";"   48285";"       0"
"2077";"A043595";"2013MM11";"     639";"     408";"     206";"     202";"   17727";"    9826";"    7901";"   17727";"       0"
"2078";"A043595";"2013MM12";"     549";"     353";"     174";"     179";"   17185";"    8122";"    9063";"   17184";"       0"
"2079";"A043595";"2013KW04";"    2164";"    1374";"     690";"     684";"   83199";"   42898";"   40301";"   83196";"       0"
"2080";"A043595";"2013JJ00";"   10347";"    6340";"    3168";"    3172";"  429545";"  214551";"  214994";"  429514";"       0"
"2081";"A043595";"2014MM01";"     571";"     340";"     169";"     171";"   11130";"    5832";"    5298";"   11130";"       0"
"2082";"A043595";"2014MM02";"     597";"     348";"     173";"     175";"   11187";"    5312";"    5875";"   11184";"       0"
"2083";"A043595";"2014MM03";"    1072";"     402";"     197";"     205";"   13284";"    6904";"    6380";"   13284";"       0"
"2084";"A043595";"2014KW01";"    2240";"    1090";"     539";"     551";"   35601";"   18048";"   17553";"   35598";"       0"
"2085";"A043595";"2014MM04";"     737";"     408";"     203";"     205";"   23343";"   10438";"   12905";"   23343";"       0"
"2086";"A043595";"2014MM05";"     817";"     456";"     229";"     227";"   25966";"   13016";"   12950";"   25965";"       0"
"2087";"A043595";"2014MM06";"     841";"     461";"     232";"     229";"   23303";"   11296";"   12007";"   23283";"       0"
"2088";"A043595";"2014KW02";"    2395";"    1325";"     664";"     661";"   72612";"   34750";"   37862";"   72591";"       0"
"2089";"A043595";"2014MM07";"     906";"     514";"     256";"     258";"   28814";"   12446";"   16368";"   28799";"       0"
"2090";"A043595";"2014MM08";"     755";"     492";"     246";"     246";"   32593";"   17682";"   14911";"   31256";"       0"
"2091";"A043595";"2014MM09";"     872";"     485";"     243";"     242";"   28138";"   14566";"   13572";"   28000";"       0"
"2092";"A043595";"2014KW03";"    2533";"    1491";"     745";"     746";"   89545";"   44694";"   44851";"   88055";"       0"
"2093";"A043595";"2014MM10";"     902";"     486";"     244";"     242";"   26408";"   13740";"   12668";"   26391";"       0"
"2094";"A043595";"2014MM11";"     768";"     336";"     165";"     171";"    8320";"    4587";"    3733";"    8315";"       3"
"2095";"A043595";"2014MM12";"     509";"     298";"     150";"     148";"    8987";"    4412";"    4575";"    8489";"       0"
"2096";"A043595";"2014KW04";"    2179";"    1120";"     559";"     561";"   43715";"   22739";"   20976";"   43195";"       3"
"2097";"A043595";"2014JJ00";"    9347";"    5026";"    2507";"    2519";"  241473";"  120231";"  121242";"  239439";"       3"
"2098";"A043595";"2015MM01";"     477";"     268";"     135";"     133";"    6323";"    3282";"    3041";"    6317";"       0"
"2099";"A043595";"2015MM02";"     504";"     232";"     114";"     118";"    6309";"    2984";"    3325";"    6230";"       0"
"2100";"A043595";"2015MM03";"     882";"     265";"     129";"     136";"    7310";"    3439";"    3871";"    7308";"       0"
"2101";"A043595";"2015KW01";"    1863";"     765";"     378";"     387";"   19942";"    9705";"   10237";"   19855";"       0"
"2102";"A043595";"2015MM04";"     769";"     327";"     163";"     164";"   17961";"    8365";"    9596";"   17960";"       0"
"2103";"A043595";"2015MM05";"     886";"     395";"     198";"     197";"   23331";"   11708";"   11623";"   23329";"       0"
"2104";"A043595";"2015MM06";"    1011";"     394";"     196";"     198";"   23003";"   11399";"   11604";"   23002";"       0"
"2105";"A043595";"2015KW02";"    2666";"    1116";"     557";"     559";"   64295";"   31472";"   32823";"   64291";"       0"
"2106";"A043595";"2015MM07";"     810";"     383";"     194";"     189";"   25580";"   11537";"   14043";"   25579";"       0"
"2107";"A043595";"2015MM08";"     917";"     410";"     204";"     206";"   26824";"   14301";"   12523";"   26817";"       0"
"2108";"A043595";"2015MM09";"     759";"     365";"     184";"     181";"   22278";"   11326";"   10952";"   22276";"       2"
"2109";"A043595";"2015KW03";"    2486";"    1158";"     582";"     576";"   74682";"   37164";"   37518";"   74672";"       2"
"2110";"A043595";"2015MM10";"     765";"     401";"     201";"     200";"   22040";"   11493";"   10547";"   22040";"       0"
"2111";"A043595";"2015MM11";"     648";"     318";"     160";"     158";"    8562";"    4649";"    3913";"    8562";"       0"
"2112";"A043595";"2015MM12";"     576";"     307";"     153";"     154";"    5659";"    2686";"    2973";"    5659";"       0"
"2113";"A043595";"2015KW04";"    1989";"    1026";"     514";"     512";"   36261";"   18828";"   17433";"   36261";"       0"
"2114";"A043595";"2015JJ00";"    9004";"    4065";"    2031";"    2034";"  195180";"   97169";"   98011";"  195079";"       2"
"2115";"A043595";"2016MM01";"     521";"     294";"     149";"     145";"    4968";"    2485";"    2483";"    4966";"       0"
"2116";"A043595";"2016MM02";"     582";"     306";"     155";"     151";"    5891";"    2924";"    2967";"    5891";"       0"
"2117";"A043595";"2016MM03";"     977";"     386";"     194";"     192";"    8540";"    4193";"    4347";"    8539";"       0"
"2118";"A043595";"2016KW01";"    2080";"     986";"     498";"     488";"   19399";"    9602";"    9797";"   19396";"       0"
"2119";"A043595";"2016MM04";"     816";"     367";"     186";"     181";"   17161";"    8542";"    8619";"   17152";"       9"
"2120";"A043595";"2016MM05";"     790";"     343";"     172";"     171";"   20207";"   10441";"    9766";"   20207";"       0"
"2121";"A043595";"2016MM06";"     946";"     500";"     250";"     250";"   42144";"   21002";"   21142";"   42144";"       0"
"2122";"A043595";"2016KW02";"    2552";"    1210";"     608";"     602";"   79512";"   39985";"   39527";"   79503";"       9"
"2123";"A043595";"2016MM07";"     838";"     318";"     161";"     157";"   17441";"    8098";"    9343";"   17427";"       0"
"2124";"A043595";"2016MM08";"     713";"     283";"     145";"     138";"   18147";"    9620";"    8527";"   18147";"       0"
"2125";"A043595";"2016MM09";"     634";"     275";"     138";"     137";"   13600";"    6981";"    6619";"   13585";"       0"
"2126";"A043595";"2016KW03";"    2185";"     876";"     444";"     432";"   49188";"   24699";"   24489";"   49159";"       0"
"2127";"A043595";"2016MM10";"     663";"     312";"     157";"     155";"   15100";"    8218";"    6882";"   15098";"       0"
"2128";"A043595";"2016MM11";"     631";"     280";"     141";"     139";"    6486";"    3494";"    2992";"    6486";"       0"
"2129";"A043595";"2016MM12";"     572";"     267";"     136";"     131";"    6877";"    3975";"    2902";"    6877";"       0"
"2130";"A043595";"2016KW04";"    1866";"     859";"     434";"     425";"   28463";"   15687";"   12776";"   28461";"       0"
"2131";"A043595";"2016JJ00";"    8683";"    3931";"    1984";"    1947";"  176562";"   89973";"   86589";"  176519";"       9"
"2132";"A043595";"2017MM01";"     476";"     229";"     113";"     116";"    6095";"    3265";"    2830";"    6087";"       0"
"2133";"A043595";"2017MM02";"     580";"     284";"     143";"     141";"    5562";"    2660";"    2902";"    5560";"       0"
"2134";"A043595";"2017MM03";"     991";"     328";"     168";"     160";"    6847";"    3163";"    3684";"    6845";"       0"
"2135";"A043595";"2017KW01";"    2047";"     841";"     424";"     417";"   18504";"    9088";"    9416";"   18492";"       0"
"2136";"A043595";"2017MM04";"     788";"     341";"     165";"     176";"   15478";"    7366";"    8112";"   15475";"       0"
"2137";"A043595";"2017MM05";"     841";"     431";"     215";"     216";"   21751";"   10761";"   10990";"   21742";"       0"
"2138";"A043595";"2017MM06";"     852";"     386";"     188";"     198";"   18631";"    9394";"    9237";"   18624";"       0"
"2139";"A043595";"2017KW02";"    2481";"    1158";"     568";"     590";"   55860";"   27521";"   28339";"   55841";"       0"
"2140";"A043595";"2017MM07";"     872";"     407";"     209";"     198";"   22693";"   10567";"   12126";"   22686";"       0"
"2141";"A043595";"2017MM08";"     839";"     390";"     195";"     195";"   23054";"   12265";"   10789";"   23051";"       0"
"2142";"A043595";"2017MM09";"     824";"     440";"     221";"     219";"   21509";"   10474";"   11035";"   21502";"       0"
"2143";"A043595";"2017KW03";"    2535";"    1237";"     625";"     612";"   67256";"   33306";"   33950";"   67239";"       0"
"2144";"A043595";"2017MM10";"     749";"     411";"     208";"     203";"   18813";"   10203";"    8610";"   18807";"       0"
"2145";"A043595";"2017MM11";"     678";"     416";"     206";"     210";"    3222";"    1669";"    1553";"    3216";"       0"
"2146";"A043595";"2017MM12";"     563";"     356";"     180";"     176";"    3889";"    2314";"    1575";"    3889";"       0"
"2147";"A043595";"2017KW04";"    1990";"    1183";"     594";"     589";"   25924";"   14186";"   11738";"   25912";"       0"
"2148";"A043595";"2017JJ00";"    9053";"    4419";"    2211";"    2208";"  167544";"   84101";"   83443";"  167484";"       0"
"2149";"A043595";"2018MM01";"     535";"     291";"     145";"     146";"    3286";"    1727";"    1559";"    3285";"       0"
"2150";"A043595";"2018MM02";"     624";"     334";"     170";"     164";"    3022";"    1475";"    1547";"    3017";"       0"
"2151";"A043595";"2018MM03";"     920";"     371";"     190";"     181";"    5502";"    2854";"    2648";"    5500";"       0"
"2152";"A043595";"2018KW01";"    2079";"     996";"     505";"     491";"   11810";"    6056";"    5754";"   11802";"       0"
"2153";"A043595";"2018MM04";"     949";"     505";"     255";"     250";"   17477";"    6559";"   10918";"   17090";"       0"
"2154";"A043595";"2018MM05";"     992";"     575";"     290";"     285";"   34418";"   16309";"   18109";"   33542";"     183"
"2155";"A043595";"2018MM06";"     842";"     491";"     243";"     248";"   31299";"   15338";"   15961";"   30569";"       5"
"2156";"A043595";"2018KW02";"    2783";"    1571";"     788";"     783";"   83194";"   38206";"   44988";"   81201";"     188"
"2157";"A043595";"2018MM07";"    1093";"     641";"     319";"     322";"   46636";"   20027";"   26609";"   43918";"       0"
"2158";"A043595";"2018MM08";"    1073";"     685";"     341";"     344";"   53040";"   27323";"   25717";"   50391";"       0"
"2159";"A043595";"2018MM09";"     964";"     589";"     298";"     291";"   34945";"   17282";"   17663";"   34062";"       0"
"2160";"A043595";"2018KW03";"    3130";"    1915";"     958";"     957";"  134621";"   64632";"   69989";"  128371";"       0"
"2161";"A043595";"2018MM10";"     947";"     620";"     310";"     310";"   32462";"   17276";"   15186";"   31964";"       0"
"2162";"A043595";"2018MM11";"     815";"     479";"     240";"     239";"    7528";"    4505";"    3023";"    6414";"       0"
"2163";"A043595";"2018MM12";"     680";"     436";"     219";"     217";"    5498";"    2797";"    2701";"    3817";"       0"
"2164";"A043595";"2018KW04";"    2442";"    1535";"     769";"     766";"   45488";"   24578";"   20910";"   42195";"       0"
"2165";"A043595";"2018JJ00";"   10434";"    6017";"    3020";"    2997";"  275113";"  133472";"  141641";"  263569";"     188"
"2166";"A043595";"2019MM01";"     631";"     413";"     202";"     211";"    6140";"    3411";"    2729";"    3588";"       0"
"2167";"A043595";"2019MM02";"     759";"     456";"     227";"     229";"    6817";"    3319";"    3498";"    4146";"       0"
"2168";"A043595";"2019MM03";"    1008";"     454";"     226";"     228";"    6914";"    3556";"    3358";"    4916";"       0"
"2169";"A043595";"2019KW01";"    2398";"    1323";"     655";"     668";"   19871";"   10286";"    9585";"   12650";"       0"
"2170";"A043595";"2019MM04";"    1005";"     622";"     311";"     311";"   32795";"   13965";"   18830";"   31465";"       0"
"2171";"A043595";"2019MM05";"    1140";"     723";"     362";"     361";"   49734";"   24125";"   25609";"   48641";"       0"
"2172";"A043595";"2019MM06";"    1094";"     678";"     336";"     342";"   50048";"   24632";"   25416";"   48328";"       0"
"2173";"A043595";"2019KW02";"    3239";"    2023";"    1009";"    1014";"  132577";"   62722";"   69855";"  128434";"       0"
"2174";"A043595";"2019MM07";"    1209";"     808";"     403";"     405";"   69715";"   31761";"   37954";"   65026";"       0"
"2175";"A043595";"2019MM08";"    1017";"     713";"     355";"     358";"   76289";"   39711";"   36578";"   70281";"       0"
"2176";"A043595";"2019MM09";"    1009";"     641";"     324";"     317";"   59255";"   30421";"   28834";"   56272";"       0"
"2177";"A043595";"2019KW03";"    3235";"    2162";"    1082";"    1080";"  205259";"  101893";"  103366";"  191579";"       0"
"2178";"A043595";"2019MM10";"     931";"     616";"     313";"     303";"   46190";"   25714";"   20476";"   42918";"       0"
"2179";"A043595";"2019MM11";"     861";"     564";"     279";"     285";"   16446";"    8551";"    7895";"   12120";"       0"
"2180";"A043595";"2019MM12";"     740";"     511";"     263";"     248";"   15634";"    8390";"    7244";"   10145";"       0"
"2181";"A043595";"2019KW04";"    2532";"    1691";"     855";"     836";"   78270";"   42655";"   35615";"   65183";"       0"
"2182";"A043595";"2019JJ00";"   11404";"    7199";"    3601";"    3598";"  435977";"  217556";"  218421";"  397846";"       0"
"2183";"A043595";"2020MM01";"     671";"     474";"     238";"     236";"   15115";"    8177";"    6938";"    9549";"       0"
"2184";"A043595";"2020MM02";"     696";"     476";"     237";"     239";"   14354";"    7233";"    7121";"    8083";"       0"
"2185";"A043595";"2020MM03";"     787";"     485";"     236";"     249";"    7242";"    4398";"    2844";"    4364";"       0"
"2186";"A043595";"2020KW01";"    2154";"    1435";"     711";"     724";"   36711";"   19808";"   16903";"   21996";"       0"
"2187";"A043595";"2020MM04";"     414";"     329";"     162";"     167";"       5";"       0";"       5";"       3";"       0"
"2188";"A043595";"2020MM05";"     627";"     452";"     226";"     226";"       4";"       2";"       2";"       4";"       0"
"2189";"A043595";"2020MM06";"     751";"     489";"     246";"     243";"     389";"     188";"     201";"     384";"       0"
"2190";"A043595";"2020KW02";"    1792";"    1270";"     634";"     636";"     398";"     190";"     208";"     391";"       0"
"2191";"A043595";"2020MM07";"     961";"     621";"     311";"     310";"   12952";"    5620";"    7332";"   12952";"       0"
"2192";"A043595";"2020MM08";"     938";"     615";"     310";"     305";"   16818";"    9354";"    7464";"   16814";"       0"
"2193";"A043595";"2020MM09";"     849";"     516";"     257";"     259";"    5511";"    3189";"    2322";"    5510";"       0"
"2194";"A043595";"2020KW03";"    2748";"    1752";"     878";"     874";"   35281";"   18163";"   17118";"   35276";"       0"
"2195";"A043595";"2020MM10";"     815";"     587";"     292";"     295";"    4710";"    2583";"    2127";"    4710";"       0"
"2196";"A043595";"2020MM11";"     780";"     548";"     277";"     271";"    2139";"    1270";"     869";"    2137";"       0"
"2197";"A043595";"2020MM12";"     673";"     535";"     274";"     261";"    1841";"     765";"    1076";"    1840";"       0"
"2198";"A043595";"2020KW04";"    2268";"    1670";"     843";"     827";"    8690";"    4618";"    4072";"    8687";"       0"
"2199";"A043595";"2020JJ00";"    8962";"    6127";"    3066";"    3061";"   81080";"   42779";"   38301";"   66350";"       0"
"2200";"A043595";"2021MM01";"     552";"     468";"     234";"     234";"    1049";"     625";"     424";"    1049";"       0"
"2201";"A043595";"2021MM02";"     649";"     537";"     267";"     270";"     448";"     346";"     102";"     447";"       0"
"2202";"A043595";"2021MM03";"     769";"     560";"     281";"     279";"     373";"     197";"     176";"     373";"       0"
"2203";"A043595";"2021KW01";"    1970";"    1565";"     782";"     783";"    1870";"    1168";"     702";"    1869";"       0"
"2204";"A043595";"2021MM04";"     831";"     563";"     278";"     285";"    1474";"     571";"     903";"    1473";"       0"
"2205";"A043595";"2021MM05";"     866";"     555";"     272";"     283";"    2223";"     993";"    1230";"    2221";"       0"
"2206";"A043595";"2021MM06";"     746";"     460";"     226";"     234";"    4454";"    1425";"    3029";"    4454";"       0"
"2207";"A043595";"2021KW02";"    2443";"    1578";"     776";"     802";"    8151";"    2989";"    5162";"    8148";"       0"
"2208";"A043595";"2021MM07";"     960";"     583";"     295";"     288";"   22399";"    9366";"   13033";"   22397";"       0"
"2209";"A043595";"2021MM08";"     923";"     600";"     296";"     304";"   24199";"   13550";"   10649";"   24199";"       0"
"2210";"A043595";"2021MM09";"    1096";"     623";"     312";"     311";"   16364";"    8706";"    7658";"   16363";"       0"
"2211";"A043595";"2021KW03";"    2979";"    1806";"     903";"     903";"   62962";"   31622";"   31340";"   62959";"       0"
"2212";"A043595";"2021MM10";"    1088";"     656";"     333";"     323";"   17826";"    9944";"    7882";"   17817";"       1"
"2213";"A043595";"2021MM11";"     810";"     523";"     258";"     265";"    3744";"    2039";"    1705";"    3744";"       0"
"2214";"A043595";"2021MM12";"     700";"     473";"     237";"     236";"    3093";"    1757";"    1336";"    3090";"       0"
"2215";"A043595";"2021KW04";"    2598";"    1652";"     828";"     824";"   24663";"   13740";"   10923";"   24651";"       1"
"2216";"A043595";"2021JJ00";"    9990";"    6601";"    3289";"    3312";"   97646";"   49519";"   48127";"   97627";"       1"
"2217";"A043595";"2022MM01";"     613";"     431";"     213";"     218";"    5880";"    4341";"    1539";"    5880";"       0"
"2218";"A043595";"2022MM02";"     681";"     398";"     201";"     197";"    3288";"    1633";"    1655";"    3287";"       0"
"2219";"A043595";"2022MM03";"     853";"     434";"     212";"     222";"    3371";"    1566";"    1805";"    3369";"       0"
"2220";"A043595";"2022KW01";"    2147";"    1263";"     626";"     637";"   12539";"    7540";"    4999";"   12536";"       0"
"2221";"A043595";"2022MM04";"     938";"     514";"     255";"     259";"   15386";"    6884";"    8502";"   15204";"       0"
"2222";"A043595";"2022MM05";"    1073";"     542";"     266";"     276";"   22019";"   11067";"   10952";"   22000";"      17"
"2223";"A043595";"2022MM06";"    1258";"     599";"     297";"     302";"   20728";"    9980";"   10748";"   20549";"       0"
"2224";"A043595";"2022KW02";"    3269";"    1655";"     818";"     837";"   58133";"   27931";"   30202";"   57753";"      17"
"2225";"A043595";"2022MM07";"    1305";"     712";"     362";"     350";"   45778";"   19550";"   26228";"   41096";"       0"
"2226";"A043595";"2022MM08";"    1063";"     696";"     346";"     350";"   53999";"   28498";"   25501";"   49526";"       0"
"2227";"A043595";"2022MM09";"     942";"     640";"     317";"     323";"   35942";"   18226";"   17716";"   35751";"       0"
"2228";"A043595";"2022KW03";"    3310";"    2048";"    1025";"    1023";"  135719";"   66274";"   69445";"  126373";"       0"
"2229";"A043595";"2022MM10";"     869";"     587";"     297";"     290";"   30520";"   16969";"   13551";"   30515";"       0"
"2230";"A043595";"2022MM11";"     738";"     460";"     225";"     235";"   15032";"    8046";"    6986";"   14943";"       0"
"2231";"A043595";"2022MM12";"     576";"     396";"     199";"     197";"   14089";"    6517";"    7572";"   14089";"       0"
"2232";"A043595";"2022KW04";"    2183";"    1443";"     721";"     722";"   59641";"   31532";"   28109";"   59547";"       0"
"2233";"A043595";"2022JJ00";"   10909";"    6409";"    3190";"    3219";"  266032";"  133277";"  132755";"  256209";"      17"
"2234";"A043595";"2023MM01";"     548";"     376";"     185";"     191";"   13518";"    7286";"    6232";"   13516";"       2"
"2235";"A043595";"2023MM02";"     581";"     331";"     166";"     165";"   13883";"    7333";"    6550";"   13662";"       0"
"2236";"A043595";"2023MM03";"     815";"     423";"     207";"     216";"   15890";"    7945";"    7945";"   15888";"       0"
"2237";"A043595";"2023KW01";"    1944";"    1130";"     558";"     572";"   43291";"   22564";"   20727";"   43066";"       2"
"2238";"A043595";"2023MM04";"     631";"     326";"     165";"     161";"   15696";"    7538";"    8158";"   15512";"       0"
"2239";"A043595";"2023MM05";"     131";"      60";"      25";"      35";"    3485";"    1881";"    1604";"    3485";"       0"
"2240";"A043595";"2023MM06";"       0";"       0";"       0";"       0";"       0";"       0";"       0";"       0";"       0"
"2241";"A043595";"2023KW02";"     762";"     386";"     190";"     196";"   19181";"    9419";"    9762";"   18997";"       0"
"2242";"A043595";"2023MM07";"     788";"     525";"     273";"     252";"   38134";"   16133";"   22001";"   36943";"       0"
"2243";"A043595";"2023MM08";"     755";"     479";"     236";"     243";"   43360";"   22759";"   20601";"   42137";"       0"
"2244";"A043595";"2023MM09";"     750";"     461";"     235";"     226";"   30777";"   15607";"   15170";"   30767";"       0"
"2245";"A043595";"2023KW03";"    2293";"    1465";"     744";"     721";"  112271";"   54499";"   57772";"  109847";"       0"
"2246";"A043595";"2023MM10";"     618";"     359";"     176";"     183";"   26376";"   14783";"   11593";"   26376";"       0"
"2247";"A043595";"2023MM11";"     469";"     278";"     138";"     140";"   10036";"    6101";"    3935";"   10036";"       0"
"2248";"A043595";"2023MM12";"     481";"     317";"     164";"     153";"   11997";"    4742";"    7255";"   10920";"       0"
"2249";"A043595";"2023KW04";"    1568";"     954";"     478";"     476";"   48409";"   25626";"   22783";"   47332";"       0"
"2250";"A043595";"2023JJ00";"    6567";"    3935";"    1970";"    1965";"  223152";"  112108";"  111044";"  219242";"       2"
"2251";"A043595";"2024MM01";"     473";"     286";"     144";"     142";"   11753";"    7001";"    4752";"   11753";"       0"
"2252";"A043595";"2024MM02";"     449";"     256";"     126";"     130";"    9683";"    4749";"    4934";"    9439";"       0"
"2253";"A043595";"2024MM03";"     788";"     335";"     169";"     166";"   12074";"    5744";"    6330";"   11996";"       0"
"2254";"A043595";"2024KW01";"    1710";"     877";"     439";"     438";"   33510";"   17494";"   16016";"   33188";"       0"
"2255";"A043595";"2024MM04";"     649";"     370";"     186";"     184";"   14244";"    6111";"    8133";"   14219";"      24"
"2256";"A043595";"2024MM05";"     720";"     383";"     190";"     193";"   25104";"   12338";"   12766";"   24954";"       0"
"2257";"A043595";"2024MM06";"     828";"     449";"     225";"     224";"   27255";"   13355";"   13900";"   27251";"       0"
"2258";"A043595";"2024KW02";"    2197";"    1202";"     601";"     601";"   66603";"   31804";"   34799";"   66424";"      24"
"2259";"A043595";"2024MM07";"     837";"     461";"     234";"     227";"   31335";"   13789";"   17546";"   30642";"       0"
"2260";"A043595";"2024MM08";"     718";"     417";"     202";"     215";"   34009";"   18011";"   15998";"   33326";"       0"
"2261";"A043595";"2024MM09";"     615";"     357";"     176";"     181";"   26795";"   13620";"   13175";"   26792";"       0"
"2262";"A043595";"2024KW03";"    2170";"    1235";"     612";"     623";"   92139";"   45420";"   46719";"   90760";"       0"
"2263";"A043595";"2024MM10";"     534";"     327";"     165";"     162";"   22085";"   11780";"   10305";"   22082";"       0"
"2264";"A043595";"2024MM11";"     459";"     249";"     125";"     124";"    4550";"    2533";"    2017";"    4541";"       0"
"2265";"A043595";"2024MM12";"     415";"     262";"     129";"     133";"    4620";"    2263";"    2357";"    4616";"       0"
"2266";"A043595";"2024KW04";"    1408";"     838";"     419";"     419";"   31255";"   16576";"   14679";"   31239";"       0"
"2267";"A043595";"2024JJ00";"    7485";"    4152";"    2071";"    2081";"  223507";"  111294";"  112213";"  221611";"      24"
"2268";"A043595";"2025MM01";"     370";"     232";"     120";"     112";"    5222";"    3026";"    2196";"    5222";"       0"
"2269";"A043595";"2025MM02";"     395";"     243";"     123";"     120";"    5935";"    2987";"    2948";"    5935";"       0"
"2270";"A043595";"2025MM03";"     763";"     364";"     182";"     182";"    6517";"    3323";"    3194";"    6513";"       0"
"2271";"A043595";"2025KW01";"    1528";"     839";"     425";"     414";"   17674";"    9336";"    8338";"   17670";"       0"
"2272";"A043595";"2025MM04";"     621";"     366";"     183";"     183";"   17500";"    8159";"    9341";"   17500";"       0"
"2273";"A043595";"2025MM05";"     652";"     402";"     196";"     206";"   19740";"    9634";"   10106";"   19718";"       0"
"2274";"A043595";"2025MM06";"     713";"     446";"     217";"     229";"   22755";"   11346";"   11409";"   22670";"       2"
"2275";"A043595";"2025KW02";"    1986";"    1214";"     596";"     618";"   59995";"   29139";"   30856";"   59888";"       2"
"2276";"A043595";"2025MM07";"     704";"     405";"     205";"     200";"   19152";"    8507";"   10645";"   19149";"       0"
"2277";"A043595";"2025MM08";"     602";"     360";"     179";"     181";"   20506";"   10877";"    9629";"   20506";"       0"
"2278";"A043595";"2025MM09";"     528";"     310";"     157";"     153";"   13552";"    6984";"    6568";"   13550";"       0"
"2279";"A043595";"2025KW03";"    1834";"    1075";"     541";"     534";"   53210";"   26368";"   26842";"   53205";"       0"
"2280";"A043593";"1997JJ00";"   18509";"    4982";"    2490";"    2492";"   83151";"   40794";"   42357";"       0";"       0"
"2281";"A043593";"1998JJ00";"   18374";"    5330";"    2670";"    2660";"  114160";"   56822";"   57338";"       0";"       0"
"2282";"A043593";"1999MM01";"    1016";"     235";"     117";"     118";"    3196";"    1408";"    1788";"       0";"       0"
"2283";"A043593";"1999MM02";"     874";"     215";"     107";"     108";"    2760";"    1315";"    1445";"       0";"       0"
"2284";"A043593";"1999MM03";"    1384";"     262";"     129";"     133";"    3872";"    1903";"    1969";"       0";"       0"
"2285";"A043593";"1999KW01";"    3274";"     712";"     353";"     359";"    9828";"    4626";"    5202";"       0";"       0"
"2286";"A043593";"1999MM04";"    1332";"     120";"      60";"      60";"    4527";"    1707";"    2820";"       0";"       0"
"2287";"A043593";"1999MM05";"    1572";"     168";"      87";"      81";"   11606";"    5733";"    5873";"       0";"       0"
"2288";"A043593";"1999MM06";"    1709";"     202";"     103";"      99";"   12635";"    6366";"    6269";"       0";"       0"
"2289";"A043593";"1999KW02";"    4613";"     490";"     250";"     240";"   28768";"   13806";"   14962";"       0";"       0"
"2290";"A043593";"1999MM07";"    1652";"     162";"      81";"      81";"   11160";"    5416";"    5744";"       0";"       0"
"2291";"A043593";"1999MM08";"    1227";"     156";"      79";"      77";"   12766";"    6699";"    6067";"       0";"       0"
"2292";"A043593";"1999MM09";"    1382";"     183";"      90";"      93";"   13182";"    6618";"    6564";"       0";"       0"
"2293";"A043593";"1999KW03";"    4261";"     501";"     250";"     251";"   37108";"   18733";"   18375";"       0";"       0"
"2294";"A043593";"1999MM10";"    1281";"     155";"      77";"      78";"    9985";"    6032";"    3953";"       0";"       0"
"2295";"A043593";"1999MM11";"     974";"     132";"      68";"      64";"    2539";"    1248";"    1291";"       0";"       0"
"2296";"A043593";"1999MM12";"     710";"      84";"      42";"      42";"    1940";"     970";"     970";"       0";"       0"
"2297";"A043593";"1999KW04";"    2965";"     371";"     187";"     184";"   14464";"    8250";"    6214";"       0";"       0"
"2298";"A043593";"1999JJ00";"   15113";"    2074";"    1040";"    1034";"   90168";"   45415";"   44753";"       0";"       0"
"2299";"A043593";"2000MM01";"     717";"      86";"      42";"      44";"    2327";"    1072";"    1255";"    2327";"       0"
"2300";"A043593";"2000MM02";"     862";"      92";"      47";"      45";"    2118";"    1304";"     814";"    2118";"       0"
"2301";"A043593";"2000MM03";"     954";"     105";"      53";"      52";"    3432";"    1787";"    1645";"    3432";"       0"
"2302";"A043593";"2000KW01";"    2533";"     283";"     142";"     141";"    7877";"    4163";"    3714";"    7877";"       0"
"2303";"A043593";"2000MM04";"    1210";"     121";"      58";"      63";"    2796";"    1127";"    1669";"    2796";"       0"
"2304";"A043593";"2000MM05";"    1380";"     184";"      92";"      92";"    6155";"    2961";"    3194";"    6155";"       0"
"2305";"A043593";"2000MM06";"    1179";"     160";"      80";"      80";"    5243";"    2637";"    2606";"    5243";"       0"
"2306";"A043593";"2000KW02";"    3769";"     465";"     230";"     235";"   14194";"    6725";"    7469";"   14194";"       0"
"2307";"A043593";"2000MM07";"    1014";"     130";"      65";"      65";"    9917";"    4376";"    5541";"    9917";"       0"
"2308";"A043593";"2000MM08";"    1199";"     148";"      74";"      74";"   16084";"    8467";"    7617";"   16084";"       0"
"2309";"A043593";"2000MM09";"    1002";"     164";"      82";"      82";"   15039";"    7257";"    7782";"   15039";"       0"
"2310";"A043593";"2000KW03";"    3215";"     442";"     221";"     221";"   41040";"   20100";"   20940";"   41040";"       0"
"2311";"A043593";"2000MM10";"     903";"     144";"      72";"      72";"   10694";"    6588";"    4106";"   10694";"       0"
"2312";"A043593";"2000MM11";"     871";"      88";"      48";"      40";"    2546";"    1211";"    1335";"    2546";"       0"
"2313";"A043593";"2000MM12";"     683";"      53";"      30";"      23";"    1915";"     992";"     923";"    1915";"       0"
"2314";"A043593";"2000KW04";"    2457";"     285";"     150";"     135";"   15155";"    8791";"    6364";"   15155";"       0"
"2315";"A043593";"2000JJ00";"   11974";"    1475";"     743";"     732";"   78266";"   39779";"   38487";"   78266";"       0"
"2316";"A043593";"2001MM01";"     562";"      48";"      26";"      22";"    2430";"    1161";"    1269";"    2430";"       0"
"2317";"A043593";"2001MM02";"     663";"      53";"      28";"      25";"    2107";"    1097";"    1010";"    2107";"       0"
"2318";"A043593";"2001MM03";"     747";"      59";"      28";"      31";"    3232";"    1566";"    1666";"    3232";"       0"
"2319";"A043593";"2001KW01";"    1972";"     160";"      82";"      78";"    7769";"    3824";"    3945";"    7769";"       0"
"2320";"A043593";"2001MM04";"    1210";"     121";"      58";"      63";"    4514";"    1581";"    2933";"    4514";"       0"
"2321";"A043593";"2001MM05";"    1294";"     142";"      72";"      70";"   14319";"    6899";"    7420";"   14319";"       0"
"2322";"A043593";"2001MM06";"    1362";"     135";"      66";"      69";"    8674";"    2410";"    6264";"    8674";"       0"
"2323";"A043593";"2001KW02";"    3866";"     398";"     196";"     202";"   27507";"   10890";"   16617";"   27507";"       0"
"2324";"A043593";"2001MM07";"    1299";"     161";"      80";"      81";"   14641";"    6934";"    7707";"   14640";"       1"
"2325";"A043593";"2001MM08";"    1256";"     146";"      70";"      76";"   13376";"    7264";"    6112";"   13376";"       0"
"2326";"A043593";"2001MM09";"    1010";"     302";"     151";"     151";"   13178";"    6248";"    6930";"   12995";"       0"
"2327";"A043593";"2001KW03";"    3565";"     609";"     301";"     308";"   41195";"   20446";"   20749";"   41011";"       1"
"2328";"A043593";"2001MM10";"    1196";"     311";"     155";"     156";"   12815";"    7603";"    5212";"   12815";"       0"
"2329";"A043593";"2001MM11";"     950";"     200";"      98";"     102";"    2460";"    1097";"    1363";"    2460";"       0"
"2330";"A043593";"2001MM12";"     677";"     150";"      76";"      74";"    2474";"    1255";"    1219";"    2474";"       0"
"2331";"A043593";"2001KW04";"    2823";"     661";"     329";"     332";"   17749";"    9955";"    7794";"   17749";"       0"
"2332";"A043593";"2001JJ00";"   12226";"    1828";"     908";"     920";"   94220";"   45115";"   49105";"   94036";"       1"
"2333";"A043593";"2002MM01";"     847";"     188";"      92";"      96";"    2764";"    1308";"    1456";"    2764";"       0"
"2334";"A043593";"2002MM02";"     855";"     172";"      86";"      86";"    2587";"    1258";"    1329";"    2587";"       0"
"2335";"A043593";"2002MM03";"    1296";"     211";"     106";"     105";"    3737";"    1820";"    1917";"    3737";"       0"
"2336";"A043593";"2002KW01";"    2998";"     571";"     284";"     287";"    9088";"    4386";"    4702";"    9088";"       0"
"2337";"A043593";"2002MM04";"    1250";"     239";"     120";"     119";"    7810";"    2965";"    4845";"    7810";"       0"
"2338";"A043593";"2002MM05";"    1442";"     339";"     172";"     167";"   17283";"    8612";"    8671";"   17283";"       0"
"2339";"A043593";"2002MM06";"    1502";"     324";"     162";"     162";"   12879";"    6311";"    6568";"   12879";"       0"
"2340";"A043593";"2002KW02";"    4194";"     902";"     454";"     448";"   37972";"   17888";"   20084";"   37972";"       0"
"2341";"A043593";"2002MM07";"    1343";"     200";"      98";"     102";"   17831";"    8856";"    8975";"   17831";"       0"
"2342";"A043593";"2002MM08";"    1319";"     137";"      69";"      68";"   10929";"    5790";"    5139";"   10929";"       0"
"2343";"A043593";"2002MM09";"    1635";"     166";"      84";"      82";"   14700";"    6969";"    7731";"   14700";"       0"
"2344";"A043593";"2002KW03";"    4297";"     503";"     251";"     252";"   43460";"   21615";"   21845";"   43460";"       0"
"2345";"A043593";"2002MM10";"     967";"     154";"      77";"      77";"   11139";"    6749";"    4390";"   11139";"       0"
"2346";"A043593";"2002MM11";"     749";"      59";"      29";"      30";"    2886";"    1258";"    1628";"    2886";"       0"
"2347";"A043593";"2002MM12";"     478";"      61";"      31";"      30";"    2921";"    1449";"    1472";"    2921";"       0"
"2348";"A043593";"2002KW04";"    2194";"     274";"     137";"     137";"   16946";"    9456";"    7490";"   16946";"       0"
"2349";"A043593";"2002JJ00";"   13683";"    2250";"    1126";"    1124";"  107466";"   53345";"   54121";"  107466";"       0"
"2350";"A043593";"2003MM01";"     589";"      51";"      25";"      26";"    3362";"    1620";"    1742";"    3362";"       0"
"2351";"A043593";"2003MM02";"     651";"      42";"      21";"      21";"    3075";"    1615";"    1460";"    3075";"       0"
"2352";"A043593";"2003MM03";"     948";"      49";"      24";"      25";"    3565";"    1829";"    1736";"    3565";"       0"
"2353";"A043593";"2003KW01";"    2188";"     142";"      70";"      72";"   10002";"    5064";"    4938";"   10002";"       0"
"2354";"A043593";"2003MM04";"     946";"      98";"      49";"      49";"    7439";"    2773";"    4666";"    7439";"       0"
"2355";"A043593";"2003MM05";"    1256";"     225";"     114";"     111";"   17049";"    8375";"    8674";"   17049";"       0"
"2356";"A043593";"2003MM06";"    1304";"     182";"      92";"      90";"   15252";"    7409";"    7843";"   15252";"       0"
"2357";"A043593";"2003KW02";"    3506";"     505";"     255";"     250";"   39740";"   18557";"   21183";"   39740";"       0"
"2358";"A043593";"2003MM07";"    1154";"     228";"     114";"     114";"   22852";"   11545";"   11307";"   22852";"       0"
"2359";"A043593";"2003MM08";"    1152";"     210";"     105";"     105";"   15587";"    8253";"    7334";"   15587";"       0"
"2360";"A043593";"2003MM09";"    1144";"     206";"     103";"     103";"   17514";"    8367";"    9147";"   17514";"       0"
"2361";"A043593";"2003KW03";"    3450";"     644";"     322";"     322";"   55953";"   28165";"   27788";"   55953";"       0"
"2362";"A043593";"2003MM10";"     960";"     199";"      99";"     100";"   16083";"    9080";"    7003";"   16083";"       0"
"2363";"A043593";"2003MM11";"     684";"     125";"      63";"      62";"    7515";"    3330";"    4185";"    7515";"       0"
"2364";"A043593";"2003MM12";"     632";"     111";"      57";"      54";"    8314";"    4190";"    4124";"    8314";"       0"
"2365";"A043593";"2003KW04";"    2276";"     435";"     219";"     216";"   31912";"   16600";"   15312";"   31912";"       0"
"2366";"A043593";"2003JJ00";"   11420";"    1726";"     866";"     860";"  137607";"   68386";"   69221";"  137607";"       0"
"2367";"A043593";"2004MM01";"     640";"     110";"      54";"      56";"    6907";"    3247";"    3660";"    6907";"       0"
"2368";"A043593";"2004MM02";"     786";"     159";"      78";"      81";"    8780";"    4436";"    4344";"    8780";"       0"
"2369";"A043593";"2004MM03";"    1172";"     181";"      90";"      91";"   10276";"    5225";"    5051";"   10276";"       0"
"2370";"A043593";"2004KW01";"    2598";"     450";"     222";"     228";"   25963";"   12908";"   13055";"   25963";"       0"
"2371";"A043593";"2004MM04";"    1451";"     183";"      91";"      92";"   11424";"    4969";"    6455";"   11424";"       0"
"2372";"A043593";"2004MM05";"    1435";"     199";"      99";"     100";"   13993";"    6777";"    7216";"   13993";"       0"
"2373";"A043593";"2004MM06";"    1406";"     196";"      97";"      99";"   12585";"    6672";"    5913";"   12585";"       0"
"2374";"A043593";"2004KW02";"    4292";"     578";"     287";"     291";"   38002";"   18418";"   19584";"   38002";"       0"
"2375";"A043593";"2004MM07";"    1383";"     180";"      91";"      89";"   12049";"    5586";"    6463";"   12049";"       0"
"2376";"A043593";"2004MM08";"    1165";"     164";"      82";"      82";"   12319";"    6560";"    5759";"   12319";"       0"
"2377";"A043593";"2004MM09";"    1377";"     185";"      91";"      94";"   13171";"    6439";"    6732";"   13171";"       0"
"2378";"A043593";"2004KW03";"    3925";"     529";"     264";"     265";"   37539";"   18585";"   18954";"   37539";"       0"
"2379";"A043593";"2004MM10";"    1195";"     171";"      85";"      86";"   10211";"    5940";"    4271";"   10207";"       4"
"2380";"A043593";"2004MM11";"     770";"     111";"      53";"      58";"    4056";"    1843";"    2213";"    4056";"       0"
"2381";"A043593";"2004MM12";"     562";"      86";"      44";"      42";"    3447";"    1867";"    1580";"    3447";"       0"
"2382";"A043593";"2004KW04";"    2527";"     368";"     182";"     186";"   17714";"    9650";"    8064";"   17710";"       4"
"2383";"A043593";"2004JJ00";"   13342";"    1925";"     955";"     970";"  119218";"   59561";"   59657";"  119214";"       4"
"2384";"A043593";"2005MM01";"     698";"      96";"      47";"      49";"    4387";"    2169";"    2218";"    4387";"       0"
"2385";"A043593";"2005MM02";"     776";"     108";"      53";"      55";"    4908";"    2478";"    2430";"    4908";"       0"
"2386";"A043593";"2005MM03";"    1026";"     120";"      61";"      59";"    4737";"    2412";"    2325";"    4737";"       0"
"2387";"A043593";"2005KW01";"    2500";"     324";"     161";"     163";"   14032";"    7059";"    6973";"   14032";"       0"
"2388";"A043593";"2005MM04";"    1309";"     143";"      72";"      71";"    6130";"    2273";"    3857";"    6130";"       0"
"2389";"A043593";"2005MM05";"    1374";"     253";"     128";"     125";"   17474";"    7834";"    9640";"   17474";"       0"
"2390";"A043593";"2005MM06";"    1624";"     322";"     162";"     160";"   19585";"   11306";"    8279";"   19585";"       0"
"2391";"A043593";"2005KW02";"    4307";"     718";"     362";"     356";"   43189";"   21413";"   21776";"   43189";"       0"
"2392";"A043593";"2005MM07";"    1325";"     202";"     100";"     102";"   10771";"    4863";"    5908";"   10771";"       0"
"2393";"A043593";"2005MM08";"    1473";"     239";"     117";"     122";"   19054";"    9898";"    9156";"   19054";"       0"
"2394";"A043593";"2005MM09";"    1484";"     243";"     120";"     123";"   16298";"    7954";"    8344";"   16298";"       0"
"2395";"A043593";"2005KW03";"    4282";"     684";"     337";"     347";"   46123";"   22715";"   23408";"   46123";"       0"
"2396";"A043593";"2005MM10";"    1267";"     183";"      90";"      93";"   11352";"    6884";"    4468";"   11352";"       0"
"2397";"A043593";"2005MM11";"     872";"     132";"      68";"      64";"    4768";"    2283";"    2485";"    4768";"       0"
"2398";"A043593";"2005MM12";"     757";"      98";"      49";"      49";"    3330";"    1653";"    1677";"    3330";"       0"
"2399";"A043593";"2005KW04";"    2896";"     413";"     207";"     206";"   19450";"   10820";"    8630";"   19450";"       0"
"2400";"A043593";"2005JJ00";"   13985";"    2139";"    1067";"    1072";"  122794";"   62007";"   60787";"  122794";"       0"
"2401";"A043593";"2006MM01";"     770";"     112";"      56";"      56";"    4467";"    2174";"    2293";"    4467";"       0"
"2402";"A043593";"2006MM02";"     625";"     113";"      58";"      55";"    5006";"    2549";"    2457";"    4883";"       0"
"2403";"A043593";"2006MM03";"     839";"     113";"      57";"      56";"    4520";"    2231";"    2289";"    4520";"       0"
"2404";"A043593";"2006KW01";"    2234";"     338";"     171";"     167";"   13993";"    6954";"    7039";"   13870";"       0"
"2405";"A043593";"2006MM04";"    1115";"     129";"      64";"      65";"    6644";"    2682";"    3962";"    6644";"       0"
"2406";"A043593";"2006MM05";"    1220";"     247";"     123";"     124";"   18759";"    8981";"    9778";"   18759";"       0"
"2407";"A043593";"2006MM06";"    1434";"     246";"     125";"     121";"   16444";"    8278";"    8166";"   16444";"       0"
"2408";"A043593";"2006KW02";"    3769";"     622";"     312";"     310";"   41847";"   19941";"   21906";"   41847";"       0"
"2409";"A043593";"2006MM07";"    1302";"     208";"     103";"     105";"   13275";"    6330";"    6945";"   13275";"       0"
"2410";"A043593";"2006MM08";"     876";"     213";"     107";"     106";"   19035";"    9850";"    9185";"   19035";"       0"
"2411";"A043593";"2006MM09";"    1335";"     232";"     118";"     114";"   16846";"    8158";"    8688";"   16846";"       0"
"2412";"A043593";"2006KW03";"    3513";"     653";"     328";"     325";"   49156";"   24338";"   24818";"   49156";"       0"
"2413";"A043593";"2006MM10";"    1174";"     245";"     123";"     122";"   13531";"    8006";"    5525";"   13531";"       0"
"2414";"A043593";"2006MM11";"    1041";"     209";"     102";"     107";"    5952";"    2835";"    3117";"    5952";"       0"
"2415";"A043593";"2006MM12";"     686";"     169";"      85";"      84";"    4533";"    2283";"    2250";"    4533";"       0"
"2416";"A043593";"2006KW04";"    2901";"     623";"     310";"     313";"   24016";"   13124";"   10892";"   24016";"       0"
"2417";"A043593";"2006JJ00";"   12417";"    2236";"    1121";"    1115";"  129012";"   64357";"   64655";"  128889";"       0"
"2418";"A043593";"2007MM01";"     794";"     183";"      92";"      91";"    5408";"    2623";"    2785";"    5408";"       0"
"2419";"A043593";"2007MM02";"     882";"     180";"      89";"      91";"    5252";"    2590";"    2662";"    5252";"       0"
"2420";"A043593";"2007MM03";"    1093";"     185";"      92";"      93";"    5841";"    2908";"    2933";"    5841";"       0"
"2421";"A043593";"2007KW01";"    2769";"     548";"     273";"     275";"   16501";"    8121";"    8380";"   16501";"       0"
"2422";"A043593";"2007MM04";"    1422";"     212";"     106";"     106";"    8314";"    3609";"    4705";"    8314";"       0"
"2423";"A043593";"2007MM05";"    1379";"     288";"     145";"     143";"   18568";"    8807";"    9761";"   18568";"       0"
"2424";"A043593";"2007MM06";"    1299";"     274";"     135";"     139";"   15756";"    8052";"    7704";"   15756";"       0"
"2425";"A043593";"2007KW02";"    4100";"     774";"     386";"     388";"   42638";"   20468";"   22170";"   42638";"       0"
"2426";"A043593";"2007MM07";"    1209";"     256";"     128";"     128";"   17958";"    8280";"    9678";"   17958";"       0"
"2427";"A043593";"2007MM08";"    1417";"     290";"     144";"     146";"   19107";"   10150";"    8957";"   19107";"       0"
"2428";"A043593";"2007MM09";"    1368";"     257";"     130";"     127";"   16755";"    8195";"    8560";"   16755";"       0"
"2429";"A043593";"2007KW03";"    3994";"     803";"     402";"     401";"   53820";"   26625";"   27195";"   53820";"       0"
"2430";"A043593";"2007MM10";"    1384";"     261";"     131";"     130";"   14445";"    8351";"    6094";"   14445";"       0"
"2431";"A043593";"2007MM11";"    1051";"     157";"      78";"      79";"    4830";"    2260";"    2570";"    4830";"       0"
"2432";"A043593";"2007MM12";"     714";"     103";"      52";"      51";"    3492";"    1756";"    1736";"    3492";"       0"
"2433";"A043593";"2007KW04";"    3149";"     521";"     261";"     260";"   22767";"   12367";"   10400";"   22767";"       0"
"2434";"A043593";"2007JJ00";"   14012";"    2646";"    1322";"    1324";"  135726";"   67581";"   68145";"  135726";"       0"
"2435";"A043593";"2008MM01";"     882";"     138";"      70";"      68";"    4750";"    2232";"    2518";"    4750";"       0"
"2436";"A043593";"2008MM02";"     964";"     137";"      67";"      70";"    4845";"    2453";"    2392";"    4845";"       0"
"2437";"A043593";"2008MM03";"     837";"     136";"      68";"      68";"    5302";"    2720";"    2582";"    5302";"       0"
"2438";"A043593";"2008KW01";"    2683";"     411";"     205";"     206";"   14897";"    7405";"    7492";"   14897";"       0"
"2439";"A043593";"2008MM04";"    1286";"     196";"      96";"     100";"    9020";"    3238";"    5782";"    9020";"       0"
"2440";"A043593";"2008MM05";"    1532";"     310";"     154";"     156";"   22151";"   10933";"   11218";"   22151";"       0"
"2441";"A043593";"2008MM06";"    1368";"     313";"     157";"     156";"   20158";"   10346";"    9812";"   20158";"       0"
"2442";"A043593";"2008KW02";"    4186";"     819";"     407";"     412";"   51329";"   24517";"   26812";"   51329";"       0"
"2443";"A043593";"2008MM07";"    1265";"     253";"     126";"     127";"   22223";"   11105";"   11118";"   22223";"       0"
"2444";"A043593";"2008MM08";"    1149";"     226";"     113";"     113";"   16330";"    8573";"    7757";"   16330";"       0"
"2445";"A043593";"2008MM09";"    1402";"     267";"     132";"     135";"   20445";"    9871";"   10574";"   20445";"       0"
"2446";"A043593";"2008KW03";"    3816";"     746";"     371";"     375";"   58998";"   29549";"   29449";"   58998";"       0"
"2447";"A043593";"2008MM10";"    1108";"     236";"     116";"     120";"   16456";"    9530";"    6926";"   16456";"       0"
"2448";"A043593";"2008MM11";"     751";"     118";"      60";"      58";"    4280";"    2117";"    2163";"    4280";"       0"
"2449";"A043593";"2008MM12";"     590";"      68";"      33";"      35";"    2989";"    1574";"    1415";"    2989";"       0"
"2450";"A043593";"2008KW04";"    2449";"     422";"     209";"     213";"   23725";"   13221";"   10504";"   23725";"       0"
"2451";"A043593";"2008JJ00";"   13134";"    2398";"    1192";"    1206";"  148949";"   74692";"   74257";"  148949";"       0"
"2452";"A043593";"2009MM01";"     727";"      80";"      41";"      39";"    3968";"    1715";"    2253";"    3968";"       0"
"2453";"A043593";"2009MM02";"     706";"      76";"      38";"      38";"    4081";"    2159";"    1922";"    4081";"       0"
"2454";"A043593";"2009MM03";"    1102";"     105";"      53";"      52";"    4851";"    2404";"    2447";"    4851";"       0"
"2455";"A043593";"2009KW01";"    2535";"     261";"     132";"     129";"   12900";"    6278";"    6622";"   12900";"       0"
"2456";"A043593";"2009MM04";"    1246";"     141";"      71";"      70";"    7241";"    2737";"    4504";"    7241";"       0"
"2457";"A043593";"2009MM05";"    1327";"     215";"     104";"     111";"   17220";"    8297";"    8923";"   17220";"       0"
"2458";"A043593";"2009MM06";"    1339";"     209";"     103";"     106";"   17348";"    8886";"    8462";"   17348";"       0"
"2459";"A043593";"2009KW02";"    3912";"     565";"     278";"     287";"   41809";"   19920";"   21889";"   41809";"       0"
"2460";"A043593";"2009MM07";"    1286";"     221";"     111";"     110";"   22411";"   10508";"   11903";"   22411";"       0"
"2461";"A043593";"2009MM08";"    1445";"     212";"     105";"     107";"   17744";"    9680";"    8064";"   17744";"       0"
"2462";"A043593";"2009MM09";"    1388";"     226";"     113";"     113";"   18094";"    8591";"    9503";"   18094";"       0"
"2463";"A043593";"2009KW03";"    4119";"     659";"     329";"     330";"   58249";"   28779";"   29470";"   58249";"       0"
"2464";"A043593";"2009MM10";"    1199";"     211";"     105";"     106";"   15558";"    8986";"    6572";"   15558";"       0"
"2465";"A043593";"2009MM11";"     812";"     108";"      54";"      54";"    3915";"    1878";"    2037";"    3915";"       0"
"2466";"A043593";"2009MM12";"     660";"      72";"      35";"      37";"    3613";"    1894";"    1719";"    3613";"       0"
"2467";"A043593";"2009KW04";"    2671";"     391";"     194";"     197";"   23086";"   12758";"   10328";"   23086";"       0"
"2468";"A043593";"2009JJ00";"   13237";"    1876";"     933";"     943";"  136044";"   67735";"   68309";"  136044";"       0"
"2469";"A043593";"2010MM01";"     533";"      77";"      39";"      38";"    3302";"    1376";"    1926";"    3302";"       0"
"2470";"A043593";"2010MM02";"     673";"      82";"      42";"      40";"    3791";"    1921";"    1870";"    3791";"       0"
"2471";"A043593";"2010MM03";"    1086";"     111";"      56";"      55";"    4935";"    2634";"    2301";"    4935";"       0"
"2472";"A043593";"2010KW01";"    2292";"     270";"     137";"     133";"   12028";"    5931";"    6097";"   12028";"       0"
"2473";"A043593";"2010MM04";"    1149";"      95";"      49";"      46";"    5473";"    2141";"    3332";"    5473";"       0"
"2474";"A043593";"2010MM05";"    1373";"     210";"     104";"     106";"   17357";"    7751";"    9606";"   17357";"       0"
"2475";"A043593";"2010MM06";"    1780";"     232";"     116";"     116";"   17011";"    8916";"    8095";"   17011";"       0"
"2476";"A043593";"2010KW02";"    4302";"     537";"     269";"     268";"   39841";"   18808";"   21033";"   39841";"       0"
"2477";"A043593";"2010MM07";"    1682";"     188";"      94";"      94";"   16825";"    7747";"    9078";"   16825";"       0"
"2478";"A043593";"2010MM08";"    1423";"     209";"     106";"     103";"   17872";"    9559";"    8313";"   17872";"       0"
"2479";"A043593";"2010MM09";"    1481";"     201";"     101";"     100";"   16804";"    8189";"    8615";"   16804";"       0"
"2480";"A043593";"2010KW03";"    4586";"     598";"     301";"     297";"   51501";"   25495";"   26006";"   51501";"       0"
"2481";"A043593";"2010MM10";"    1171";"     177";"      86";"      91";"   12639";"    7283";"    5356";"   12639";"       0"
"2482";"A043593";"2010MM11";"     670";"      96";"      47";"      49";"    3531";"    1677";"    1854";"    3531";"       0"
"2483";"A043593";"2010MM12";"     383";"      68";"      35";"      33";"    3119";"    1601";"    1518";"    3119";"       0"
"2484";"A043593";"2010KW04";"    2224";"     341";"     168";"     173";"   19289";"   10561";"    8728";"   19289";"       0"
"2485";"A043593";"2010JJ00";"   13404";"    1746";"     875";"     871";"  122659";"   60795";"   61864";"  122659";"       0"
"2486";"A043593";"2011MM01";"     676";"      77";"      40";"      37";"    3268";"    1413";"    1855";"    3268";"       0"
"2487";"A043593";"2011MM02";"     680";"      84";"      42";"      42";"    3884";"    2073";"    1811";"    3884";"       0"
"2488";"A043593";"2011MM03";"    1089";"     103";"      50";"      53";"    4290";"    2158";"    2132";"    4290";"       0"
"2489";"A043593";"2011KW01";"    2445";"     264";"     132";"     132";"   11442";"    5644";"    5798";"   11442";"       0"
"2490";"A043593";"2011MM04";"    1316";"     108";"      56";"      52";"    5173";"    2028";"    3145";"    5173";"       0"
"2491";"A043593";"2011MM05";"    1344";"     210";"     106";"     104";"   15817";"    7362";"    8455";"   15817";"       0"
"2492";"A043593";"2011MM06";"    1274";"     219";"     108";"     111";"   15380";"    7927";"    7453";"   15380";"       0"
"2493";"A043593";"2011KW02";"    3934";"     537";"     270";"     267";"   36370";"   17317";"   19053";"   36370";"       0"
"2494";"A043593";"2011MM07";"    1250";"     196";"      97";"      99";"   12622";"    6084";"    6538";"   12622";"       0"
"2495";"A043593";"2011MM08";"    1203";"     198";"      99";"      99";"   18931";"    9269";"    9662";"   18931";"       0"
"2496";"A043593";"2011MM09";"    1271";"     211";"     106";"     105";"   17497";"    9102";"    8395";"   17497";"       0"
"2497";"A043593";"2011KW03";"    3724";"     605";"     302";"     303";"   49050";"   24455";"   24595";"   49050";"       0"
"2498";"A043593";"2011MM10";"    1154";"     162";"      80";"      82";"   11189";"    6557";"    4632";"   11189";"       0"
"2499";"A043593";"2011MM11";"     750";"      68";"      34";"      34";"    2902";"    1361";"    1541";"    2902";"       0"
"2500";"A043593";"2011MM12";"     531";"      51";"      26";"      25";"    3374";"    1670";"    1704";"    3374";"       0"
"2501";"A043593";"2011KW04";"    2435";"     281";"     140";"     141";"   17465";"    9588";"    7877";"   17465";"       0"
"2502";"A043593";"2011JJ00";"   12538";"    1687";"     844";"     843";"  114327";"   57004";"   57323";"  114327";"       0"
"2503";"A043593";"2012MM01";"     848";"      87";"      43";"      44";"    4268";"    1927";"    2341";"    4268";"       0"
"2504";"A043593";"2012MM02";"     759";"      82";"      41";"      41";"    4805";"    2435";"    2370";"    4805";"       0"
"2505";"A043593";"2012MM03";"    1042";"      79";"      40";"      39";"    5079";"    2701";"    2378";"    5079";"       0"
"2506";"A043593";"2012KW01";"    2649";"     248";"     124";"     124";"   14152";"    7063";"    7089";"   14152";"       0"
"2507";"A043593";"2012MM04";"     996";"     112";"      56";"      56";"    6278";"    2410";"    3868";"    6278";"       0"
"2508";"A043593";"2012MM05";"    1105";"     240";"     120";"     120";"   23064";"   10792";"   12272";"   23064";"       0"
"2509";"A043593";"2012MM06";"    1165";"     270";"     133";"     137";"   24752";"   12765";"   11987";"   24752";"       0"
"2510";"A043593";"2012KW02";"    3266";"     622";"     309";"     313";"   54094";"   25967";"   28127";"   54094";"       0"
"2511";"A043593";"2012MM07";"    1185";"     269";"     136";"     133";"   24704";"   11283";"   13421";"   24704";"       0"
"2512";"A043593";"2012MM08";"    1310";"     277";"     139";"     138";"   32461";"   16864";"   15597";"   32461";"       0"
"2513";"A043593";"2012MM09";"    1015";"     260";"     130";"     130";"   26272";"   13296";"   12976";"   26272";"       0"
"2514";"A043593";"2012KW03";"    3510";"     806";"     405";"     401";"   83437";"   41443";"   41994";"   83437";"       0"
"2515";"A043593";"2012MM10";"     976";"     211";"     106";"     105";"   18936";"   10839";"    8097";"   18936";"       0"
"2516";"A043593";"2012MM11";"     704";"      78";"      39";"      39";"    5008";"    2450";"    2558";"    5008";"       0"
"2517";"A043593";"2012MM12";"     368";"      71";"      35";"      36";"    5185";"    2564";"    2621";"    5185";"       0"
"2518";"A043593";"2012KW04";"    2048";"     360";"     180";"     180";"   29129";"   15853";"   13276";"   29129";"       0"
"2519";"A043593";"2012JJ00";"   11473";"    2036";"    1018";"    1018";"  180812";"   90326";"   90486";"  180812";"       0"
"2520";"A043593";"2013MM01";"     525";"      76";"      39";"      37";"    5947";"    2842";"    3105";"    5947";"       0"
"2521";"A043593";"2013MM02";"     552";"      79";"      40";"      39";"    5938";"    3098";"    2840";"    5938";"       0"
"2522";"A043593";"2013MM03";"     918";"      81";"      40";"      41";"    7329";"    3643";"    3686";"    7329";"       0"
"2523";"A043593";"2013KW01";"    1995";"     236";"     119";"     117";"   19214";"    9583";"    9631";"   19214";"       0"
"2524";"A043593";"2013MM04";"     533";"      71";"      36";"      35";"    6282";"    2147";"    4135";"    6282";"       0"
"2525";"A043593";"2013MM05";"    1045";"     221";"     110";"     111";"   25647";"   12415";"   13232";"   25647";"       0"
"2526";"A043593";"2013MM06";"    1115";"     215";"     110";"     105";"   22933";"   11838";"   11095";"   22933";"       0"
"2527";"A043593";"2013KW02";"    2693";"     507";"     256";"     251";"   54862";"   26400";"   28462";"   54862";"       0"
"2528";"A043593";"2013MM07";"    1240";"     217";"     109";"     108";"   26411";"   12064";"   14347";"   26411";"       0"
"2529";"A043593";"2013MM08";"    1225";"     211";"     107";"     104";"   25065";"   13566";"   11499";"   25065";"       0"
"2530";"A043593";"2013MM09";"    1088";"     207";"     104";"     103";"   24314";"   12008";"   12306";"   24314";"       0"
"2531";"A043593";"2013KW03";"    3553";"     635";"     320";"     315";"   75790";"   37638";"   38152";"   75790";"       0"
"2532";"A043593";"2013MM10";"     972";"     172";"      86";"      86";"   19232";"   10954";"    8278";"   19232";"       0"
"2533";"A043593";"2013MM11";"     708";"      45";"      23";"      22";"    3727";"    1838";"    1889";"    3727";"       0"
"2534";"A043593";"2013MM12";"     502";"      40";"      20";"      20";"    3387";"    1623";"    1764";"    3387";"       0"
"2535";"A043593";"2013KW04";"    2182";"     257";"     129";"     128";"   26346";"   14415";"   11931";"   26346";"       0"
"2536";"A043593";"2013JJ00";"   10423";"    1635";"     824";"     811";"  176212";"   88036";"   88176";"  176212";"       0"
"2537";"A043593";"2014MM01";"     606";"      49";"      24";"      25";"    4410";"    1932";"    2478";"    4410";"       0"
"2538";"A043593";"2014MM02";"     763";"      47";"      23";"      24";"    4745";"    2472";"    2273";"    4745";"       0"
"2539";"A043593";"2014MM03";"     930";"      59";"      29";"      30";"    5037";"    2664";"    2373";"    5037";"       0"
"2540";"A043593";"2014KW01";"    2299";"     155";"      76";"      79";"   14192";"    7068";"    7124";"   14192";"       0"
"2541";"A043593";"2014MM04";"     873";"     110";"      55";"      55";"   10145";"    3980";"    6165";"   10145";"       0"
"2542";"A043593";"2014MM05";"    1092";"     190";"      93";"      97";"   20268";"    9991";"   10277";"   20268";"       0"
"2543";"A043593";"2014MM06";"    1132";"     234";"     115";"     119";"   20908";"   10715";"   10193";"   20908";"       0"
"2544";"A043593";"2014KW02";"    3097";"     534";"     263";"     271";"   51321";"   24686";"   26635";"   51321";"       0"
"2545";"A043593";"2014MM07";"    1115";"     254";"     127";"     127";"   24770";"   11595";"   13175";"   24770";"       0"
"2546";"A043593";"2014MM08";"    1006";"     259";"     132";"     127";"   22617";"   12099";"   10518";"   22472";"     145"
"2547";"A043593";"2014MM09";"     938";"     233";"     116";"     117";"   21205";"   10471";"   10734";"   21205";"       0"
"2548";"A043593";"2014KW03";"    3059";"     746";"     375";"     371";"   68592";"   34165";"   34427";"   68447";"     145"
"2549";"A043593";"2014MM10";"     796";"     210";"     106";"     104";"   18503";"   10398";"    8105";"   18503";"       0"
"2550";"A043593";"2014MM11";"     692";"     123";"      60";"      63";"    7873";"    3857";"    4016";"    7873";"       0"
"2551";"A043593";"2014MM12";"     506";"     122";"      61";"      61";"    8888";"    4250";"    4638";"    8888";"       0"
"2552";"A043593";"2014KW04";"    1994";"     455";"     227";"     228";"   35264";"   18505";"   16759";"   35264";"       0"
"2553";"A043593";"2014JJ00";"   10449";"    1890";"     941";"     949";"  169369";"   84424";"   84945";"  169224";"     145"
"2554";"A043593";"2015MM01";"     483";"     136";"      67";"      69";"    9473";"    4618";"    4855";"    9473";"       0"
"2555";"A043593";"2015MM02";"     643";"     117";"      60";"      57";"    9184";"    4606";"    4578";"    9184";"       0"
"2556";"A043593";"2015MM03";"     803";"     129";"      64";"      65";"    9320";"    4845";"    4475";"    9320";"       0"
"2557";"A043593";"2015KW01";"    1929";"     382";"     191";"     191";"   27977";"   14069";"   13908";"   27977";"       0"
"2558";"A043593";"2015MM04";"     882";"     169";"      84";"      85";"   10020";"    4408";"    5612";"   10020";"       0"
"2559";"A043593";"2015MM05";"     902";"     265";"     133";"     132";"   23878";"   11628";"   12250";"   23878";"       0"
"2560";"A043593";"2015MM06";"    1062";"     256";"     127";"     129";"   20455";"   10319";"   10136";"   20455";"       0"
"2561";"A043593";"2015KW02";"    2846";"     690";"     344";"     346";"   54353";"   26355";"   27998";"   54353";"       0"
"2562";"A043593";"2015MM07";"     941";"     270";"     134";"     136";"   24945";"   12080";"   12865";"   24945";"       0"
"2563";"A043593";"2015MM08";"     905";"     244";"     121";"     123";"   20156";"   10914";"    9242";"   20156";"       0"
"2564";"A043593";"2015MM09";"     887";"     272";"     138";"     134";"   19980";"    9870";"   10110";"   19980";"       0"
"2565";"A043593";"2015KW03";"    2733";"     786";"     393";"     393";"   65081";"   32864";"   32217";"   65081";"       0"
"2566";"A043593";"2015MM10";"     873";"     244";"     121";"     123";"   18012";"    9923";"    8089";"   18012";"       0"
"2567";"A043593";"2015MM11";"     578";"     134";"      66";"      68";"    7368";"    3574";"    3794";"    7368";"       0"
"2568";"A043593";"2015MM12";"     595";"     136";"      68";"      68";"    8088";"    4051";"    4037";"    8088";"       0"
"2569";"A043593";"2015KW04";"    2046";"     514";"     255";"     259";"   33468";"   17548";"   15920";"   33468";"       0"
"2570";"A043593";"2015JJ00";"    9554";"    2372";"    1183";"    1189";"  180879";"   90836";"   90043";"  180879";"       0"
"2571";"A043593";"2016MM01";"     437";"     130";"      65";"      65";"    7262";"    3491";"    3771";"    7262";"       0"
"2572";"A043593";"2016MM02";"     645";"     127";"      65";"      62";"    7368";"    3651";"    3717";"    7368";"       0"
"2573";"A043593";"2016MM03";"     754";"     153";"      76";"      77";"    8999";"    4709";"    4290";"    8999";"       0"
"2574";"A043593";"2016KW01";"    1836";"     410";"     206";"     204";"   23629";"   11851";"   11778";"   23629";"       0"
"2575";"A043593";"2016MM04";"     983";"     163";"      83";"      80";"    9900";"    4163";"    5737";"    9900";"       0"
"2576";"A043593";"2016MM05";"     954";"     246";"     122";"     124";"   18481";"    9137";"    9344";"   18481";"       0"
"2577";"A043593";"2016MM06";"     959";"     222";"     111";"     111";"   15735";"    7904";"    7831";"   15735";"       0"
"2578";"A043593";"2016KW02";"    2896";"     631";"     316";"     315";"   44116";"   21204";"   22912";"   44116";"       0"
"2579";"A043593";"2016MM07";"     948";"     228";"     115";"     113";"   16498";"    7788";"    8710";"   16498";"       0"
"2580";"A043593";"2016MM08";"     866";"     209";"     105";"     104";"   17669";"    9265";"    8404";"   17669";"       0"
"2581";"A043593";"2016MM09";"     954";"     257";"     129";"     128";"   16620";"    8252";"    8368";"   16620";"       0"
"2582";"A043593";"2016KW03";"    2768";"     694";"     349";"     345";"   50787";"   25305";"   25482";"   50787";"       0"
"2583";"A043593";"2016MM10";"     878";"     287";"     143";"     144";"   14907";"    8091";"    6816";"   14907";"       0"
"2584";"A043593";"2016MM11";"     704";"     245";"     123";"     122";"    9117";"    4352";"    4765";"    9117";"       0"
"2585";"A043593";"2016MM12";"     544";"     215";"     109";"     106";"    9895";"    4892";"    5003";"    9895";"       0"
"2586";"A043593";"2016KW04";"    2126";"     747";"     375";"     372";"   33919";"   17335";"   16584";"   33919";"       0"
"2587";"A043593";"2016JJ00";"    9626";"    2482";"    1246";"    1236";"  152451";"   75695";"   76756";"  152451";"       0"
"2588";"A043593";"2017MM01";"     580";"     222";"     109";"     113";"    9616";"    4759";"    4857";"    9616";"       0"
"2589";"A043593";"2017MM02";"     584";"     226";"     113";"     113";"   10268";"    5167";"    5101";"   10268";"       0"
"2590";"A043593";"2017MM03";"     835";"     262";"     134";"     128";"   10986";"    5504";"    5482";"   10986";"       0"
"2591";"A043593";"2017KW01";"    1999";"     710";"     356";"     354";"   30870";"   15430";"   15440";"   30870";"       0"
"2592";"A043593";"2017MM04";"     830";"     270";"     134";"     136";"   15907";"    7306";"    8601";"   15907";"       0"
"2593";"A043593";"2017MM05";"    1094";"     363";"     181";"     182";"   23466";"   11444";"   12022";"   23466";"       0"
"2594";"A043593";"2017MM06";"     996";"     364";"     178";"     186";"   22028";"   10957";"   11071";"   22028";"       0"
"2595";"A043593";"2017KW02";"    2920";"     997";"     493";"     504";"   61401";"   29707";"   31694";"   61401";"       0"
"2596";"A043593";"2017MM07";"     896";"     303";"     153";"     150";"   20642";"    9846";"   10796";"   20642";"       0"
"2597";"A043593";"2017MM08";"     897";"     314";"     153";"     161";"   23958";"   12113";"   11845";"   23958";"       0"
"2598";"A043593";"2017MM09";"     854";"     329";"     163";"     166";"   22617";"   11409";"   11208";"   22617";"       0"
"2599";"A043593";"2017KW03";"    2647";"     946";"     469";"     477";"   67217";"   33368";"   33849";"   67217";"       0"
"2600";"A043593";"2017MM10";"     807";"     312";"     154";"     158";"   19145";"   10383";"    8762";"   19145";"       0"
"2601";"A043593";"2017MM11";"     598";"     244";"     123";"     121";"   11233";"    5463";"    5770";"   11233";"       0"
"2602";"A043593";"2017MM12";"     461";"     219";"     109";"     110";"   11920";"    5763";"    6157";"   11920";"       0"
"2603";"A043593";"2017KW04";"    1866";"     775";"     386";"     389";"   42298";"   21609";"   20689";"   42298";"       0"
"2604";"A043593";"2017JJ00";"    9432";"    3428";"    1704";"    1724";"  201786";"  100114";"  101672";"  201786";"       0"
"2605";"A043593";"2018MM01";"     630";"     240";"     120";"     120";"   11514";"    5589";"    5925";"   11514";"       0"
"2606";"A043593";"2018MM02";"     716";"     206";"     101";"     105";"   10930";"    5313";"    5617";"   10930";"       0"
"2607";"A043593";"2018MM03";"     841";"     285";"     141";"     144";"   12606";"    6696";"    5910";"   12467";"     139"
"2608";"A043593";"2018KW01";"    2187";"     731";"     362";"     369";"   35050";"   17598";"   17452";"   34911";"     139"
"2609";"A043593";"2018MM04";"    1097";"     384";"     190";"     194";"   14847";"    6498";"    8349";"   14847";"       0"
"2610";"A043593";"2018MM05";"    1317";"     462";"     230";"     232";"   26376";"   13084";"   13292";"   26376";"       0"
"2611";"A043593";"2018MM06";"    1199";"     447";"     222";"     225";"   23629";"   11979";"   11650";"   23629";"       0"
"2612";"A043593";"2018KW02";"    3613";"    1293";"     642";"     651";"   64852";"   31561";"   33291";"   64852";"       0"
"2613";"A043593";"2018MM07";"    1177";"     445";"     224";"     221";"   25712";"   11768";"   13944";"   25712";"       0"
"2614";"A043593";"2018MM08";"    1085";"     428";"     216";"     212";"   28502";"   14661";"   13841";"   28502";"       0"
"2615";"A043593";"2018MM09";"    1243";"     448";"     224";"     224";"   24297";"   12311";"   11986";"   24297";"       0"
"2616";"A043593";"2018KW03";"    3505";"    1321";"     664";"     657";"   78511";"   38740";"   39771";"   78511";"       0"
"2617";"A043593";"2018MM10";"    1143";"     402";"     202";"     200";"   21192";"   11332";"    9860";"   21192";"       0"
"2618";"A043593";"2018MM11";"     880";"     367";"     183";"     184";"   15204";"    7148";"    8056";"   15204";"       0"
"2619";"A043593";"2018MM12";"     714";"     321";"     159";"     162";"   13889";"    6828";"    7061";"   13889";"       0"
"2620";"A043593";"2018KW04";"    2737";"    1090";"     544";"     546";"   50285";"   25308";"   24977";"   50285";"       0"
"2621";"A043593";"2018JJ00";"   12042";"    4435";"    2212";"    2223";"  228698";"  113207";"  115491";"  228559";"     139"
"2622";"A043593";"2019MM01";"     551";"     170";"      84";"      86";"    8244";"    4158";"    4086";"    8244";"       0"
"2623";"A043593";"2019MM02";"     694";"     158";"      78";"      80";"    8771";"    4432";"    4339";"    8771";"       0"
"2624";"A043593";"2019MM03";"     832";"     270";"     134";"     136";"    9541";"    4903";"    4638";"    9414";"     127"
"2625";"A043593";"2019KW01";"    2077";"     598";"     296";"     302";"   26556";"   13493";"   13063";"   26429";"     127"
"2626";"A043593";"2019MM04";"    1100";"     291";"     146";"     145";"   13622";"    5917";"    7705";"   13509";"     113"
"2627";"A043593";"2019MM05";"    1192";"     346";"     174";"     172";"   22217";"   11038";"   11179";"   22217";"       0"
"2628";"A043593";"2019MM06";"    1149";"     330";"     164";"     166";"   20981";"   10541";"   10440";"   20981";"       0"
"2629";"A043593";"2019KW02";"    3441";"     967";"     484";"     483";"   56820";"   27496";"   29324";"   56707";"     113"
"2630";"A043593";"2019MM07";"    1024";"     281";"     138";"     143";"   19813";"    9391";"   10422";"   19813";"       0"
"2631";"A043593";"2019MM08";"     932";"     260";"     132";"     128";"   21459";"   10970";"   10489";"   21459";"       0"
"2632";"A043593";"2019MM09";"     989";"     409";"     203";"     206";"   20756";"   10376";"   10380";"   20756";"       0"
"2633";"A043593";"2019KW03";"    2945";"     950";"     473";"     477";"   62028";"   30737";"   31291";"   62028";"       0"
"2634";"A043593";"2019MM10";"    1147";"     376";"     187";"     189";"   16210";"    8726";"    7484";"   16210";"       0"
"2635";"A043593";"2019MM11";"     712";"     280";"     139";"     141";"    7341";"    3593";"    3748";"    7341";"       0"
"2636";"A043593";"2019MM12";"     641";"     219";"     111";"     108";"    7067";"    3514";"    3553";"    7067";"       0"
"2637";"A043593";"2019KW04";"    2500";"     875";"     437";"     438";"   30618";"   15833";"   14785";"   30618";"       0"
"2638";"A043593";"2019JJ00";"   10963";"    3390";"    1690";"    1700";"  176022";"   87559";"   88463";"  175782";"     240"
"2639";"A043593";"2020MM01";"     592";"     210";"     104";"     106";"    5290";"    2612";"    2678";"    5290";"       0"
"2640";"A043593";"2020MM02";"     534";"     164";"      82";"      82";"    4587";"    2292";"    2295";"    4587";"       0"
"2641";"A043593";"2020MM03";"     599";"      30";"      14";"      16";"    1999";"    1201";"     798";"    1999";"       0"
"2642";"A043593";"2020KW01";"    1725";"     404";"     200";"     204";"   11876";"    6105";"    5771";"   11876";"       0"
"2643";"A043593";"2020MM04";"     368";"       5";"       3";"       2";"       0";"       0";"       0";"       0";"       0"
"2644";"A043593";"2020MM05";"     670";"       7";"       3";"       4";"      47";"      22";"      25";"      47";"       0"
"2645";"A043593";"2020MM06";"     939";"       6";"       5";"       1";"       0";"       0";"       0";"       0";"       0"
"2646";"A043593";"2020KW02";"    1977";"      18";"      11";"       7";"      47";"      22";"      25";"      47";"       0"
"2647";"A043593";"2020MM07";"     902";"      54";"      28";"      26";"    2723";"    1081";"    1642";"    2723";"       0"
"2648";"A043593";"2020MM08";"     677";"      51";"      26";"      25";"    2231";"    1310";"     921";"    2231";"       0"
"2649";"A043593";"2020MM09";"    1066";"      30";"      14";"      16";"     589";"     368";"     221";"     589";"       0"
"2650";"A043593";"2020KW03";"    2645";"     135";"      68";"      67";"    5543";"    2759";"    2784";"    5543";"       0"
"2651";"A043593";"2020MM10";"     687";"      23";"      17";"       6";"      62";"      31";"      31";"      62";"       0"
"2652";"A043593";"2020MM11";"     746";"      22";"      11";"      11";"       0";"       0";"       0";"       0";"       0"
"2653";"A043593";"2020MM12";"     346";"      10";"       4";"       6";"       0";"       0";"       0";"       0";"       0"
"2654";"A043593";"2020KW04";"    1779";"      55";"      32";"      23";"      62";"      31";"      31";"      62";"       0"
"2655";"A043593";"2020JJ00";"    8126";"     612";"     311";"     301";"   17528";"    8917";"    8611";"   17528";"       0"
"2656";"A043593";"2021MM01";"     371";"      20";"      14";"       6";"       0";"       0";"       0";"       0";"       0"
"2657";"A043593";"2021MM02";"     364";"      23";"       8";"      15";"       0";"       0";"       0";"       0";"       0"
"2658";"A043593";"2021MM03";"     869";"      40";"      19";"      21";"       0";"       0";"       0";"       0";"       0"
"2659";"A043593";"2021KW01";"    1604";"      83";"      41";"      42";"       0";"       0";"       0";"       0";"       0"
"2660";"A043593";"2021MM04";"     972";"      40";"      20";"      20";"       0";"       0";"       0";"       0";"       0"
"2661";"A043593";"2021MM05";"     807";"      27";"      10";"      17";"       0";"       0";"       0";"       0";"       0"
"2662";"A043593";"2021MM06";"    1026";"      39";"      20";"      19";"     694";"     351";"     343";"     694";"       0"
"2663";"A043593";"2021KW02";"    2805";"     106";"      50";"      56";"     694";"     351";"     343";"     694";"       0"
"2664";"A043593";"2021MM07";"     925";"     101";"      52";"      49";"    4119";"    1626";"    2493";"    4119";"       0"
"2665";"A043593";"2021MM08";"     823";"      74";"      34";"      40";"    4475";"    2002";"    2473";"    4475";"       0"
"2666";"A043593";"2021MM09";"     937";"      98";"      48";"      50";"    6212";"    3185";"    3027";"    6212";"       0"
"2667";"A043593";"2021KW03";"    2685";"     273";"     134";"     139";"   14806";"    6813";"    7993";"   14806";"       0"
"2668";"A043593";"2021MM10";"     745";"      85";"      41";"      44";"    4794";"    2557";"    2237";"    4794";"       0"
"2669";"A043593";"2021MM11";"     600";"      68";"      33";"      35";"    3455";"    1713";"    1742";"    3455";"       0"
"2670";"A043593";"2021MM12";"     543";"      59";"      29";"      30";"    3511";"    1692";"    1819";"    3511";"       0"
"2671";"A043593";"2021KW04";"    1888";"     212";"     103";"     109";"   11760";"    5962";"    5798";"   11760";"       0"
"2672";"A043593";"2021JJ00";"    8982";"     674";"     328";"     346";"   27260";"   13126";"   14134";"   27260";"       0"
"2673";"A043593";"2022MM01";"     563";"      75";"      37";"      38";"    3666";"    1772";"    1894";"    3666";"       0"
"2674";"A043593";"2022MM02";"     828";"      79";"      37";"      42";"    3436";"    1607";"    1829";"    3436";"       0"
"2675";"A043593";"2022MM03";"    1166";"      63";"      30";"      33";"    3306";"    1723";"    1583";"    3306";"       0"
"2676";"A043593";"2022KW01";"    2557";"     217";"     104";"     113";"   10408";"    5102";"    5306";"   10408";"       0"
"2677";"A043593";"2022MM04";"    1029";"      62";"      32";"      30";"    5010";"    2130";"    2880";"    5010";"       0"
"2678";"A043593";"2022MM05";"    1043";"     120";"      57";"      63";"    8746";"    4376";"    4370";"    8746";"       0"
"2679";"A043593";"2022MM06";"    1260";"     148";"      78";"      70";"    9400";"    4597";"    4803";"    9400";"       0"
"2680";"A043593";"2022KW02";"    3332";"     330";"     167";"     163";"   23156";"   11103";"   12053";"   23156";"       0"
"2681";"A043593";"2022MM07";"    1114";"     132";"      67";"      65";"   11314";"    5257";"    6057";"   11314";"       0"
"2682";"A043593";"2022MM08";"    1131";"     135";"      65";"      70";"   13390";"    6840";"    6550";"   13390";"       0"
"2683";"A043593";"2022MM09";"     901";"     129";"      66";"      63";"   12223";"    5898";"    6325";"   12223";"       0"
"2684";"A043593";"2022KW03";"    3146";"     396";"     198";"     198";"   36927";"   17995";"   18932";"   36927";"       0"
"2685";"A043593";"2022MM10";"    1013";"     112";"      54";"      58";"    9732";"    5547";"    4185";"    9512";"       0"
"2686";"A043593";"2022MM11";"     796";"      69";"      38";"      31";"    3515";"    1726";"    1789";"    2825";"       0"
"2687";"A043593";"2022MM12";"     591";"      69";"      36";"      33";"    3467";"    1741";"    1726";"    3467";"       0"
"2688";"A043593";"2022KW04";"    2400";"     250";"     128";"     122";"   16714";"    9014";"    7700";"   15804";"       0"
"2689";"A043593";"2022JJ00";"   11435";"    1193";"     597";"     596";"   87205";"   43214";"   43991";"   86295";"       0"
"2690";"A043593";"2023MM01";"     676";"      64";"      31";"      33";"    3781";"    1848";"    1933";"    3781";"       0"
"2691";"A043593";"2023MM02";"     850";"      67";"      34";"      33";"    3501";"    1756";"    1745";"    3501";"       0"
"2692";"A043593";"2023MM03";"     927";"      68";"      35";"      33";"    3771";"    1996";"    1775";"    3771";"       0"
"2693";"A043593";"2023KW01";"    2453";"     199";"     100";"      99";"   11053";"    5600";"    5453";"   11053";"       0"
"2694";"A043593";"2023MM04";"    1030";"      61";"      30";"      31";"    5532";"    2249";"    3283";"    5291";"       0"
"2695";"A043593";"2023MM05";"    1100";"     126";"      56";"      70";"   12283";"    6079";"    6204";"   12141";"       0"
"2696";"A043593";"2023MM06";"    1194";"     126";"      64";"      62";"   10831";"    5568";"    5263";"   10831";"       0"
"2697";"A043593";"2023KW02";"    3324";"     313";"     150";"     163";"   28646";"   13896";"   14750";"   28263";"       0"
"2698";"A043593";"2023MM07";"    1016";"     126";"      62";"      64";"   12466";"    5177";"    7289";"   12466";"       0"
"2699";"A043593";"2023MM08";"    1045";"     157";"      73";"      84";"   23618";"   12088";"   11530";"   23618";"       0"
"2700";"A043593";"2023MM09";"    1075";"     122";"      59";"      63";"   14170";"    7591";"    6579";"   14170";"       0"
"2701";"A043593";"2023KW03";"    3136";"     405";"     194";"     211";"   50254";"   24856";"   25398";"   50254";"       0"
"2702";"A043593";"2023MM10";"     748";"     119";"      56";"      63";"   11470";"    6352";"    5118";"   11470";"       0"
"2703";"A043593";"2023MM11";"     490";"      67";"      32";"      35";"    3073";"    1428";"    1645";"    2964";"       0"
"2704";"A043593";"2023MM12";"     352";"      78";"      43";"      35";"    4039";"    1913";"    2126";"    4039";"       0"
"2705";"A043593";"2023KW04";"    1590";"     264";"     131";"     133";"   18582";"    9693";"    8889";"   18473";"       0"
"2706";"A043593";"2023JJ00";"   10503";"    1181";"     575";"     606";"  108535";"   54045";"   54490";"  108043";"       0"
"2707";"A043593";"2024MM01";"     750";"      76";"      36";"      40";"    4356";"    2492";"    1864";"    4356";"       0"
"2708";"A043593";"2024MM02";"     568";"      68";"      35";"      33";"    3786";"    1972";"    1814";"    3786";"       0"
"2709";"A043593";"2024MM03";"     872";"      70";"      36";"      34";"    3581";"    1843";"    1738";"    3581";"       0"
"2710";"A043593";"2024KW01";"    2190";"     214";"     107";"     107";"   11723";"    6307";"    5416";"   11723";"       0"
"2711";"A043593";"2024MM04";"     858";"      66";"      35";"      31";"    6335";"    2596";"    3739";"    6335";"       0"
"2712";"A043593";"2024MM05";"    1026";"     119";"      54";"      65";"   11650";"    5873";"    5777";"   11650";"       0"
"2713";"A043593";"2024MM06";"    1071";"     125";"      60";"      65";"   10634";"    5555";"    5079";"   10634";"       0"
"2714";"A043593";"2024KW02";"    2955";"     310";"     149";"     161";"   28619";"   14024";"   14595";"   28619";"       0"
"2715";"A043593";"2024MM07";"    1129";"     129";"      66";"      63";"    9608";"    3937";"    5671";"    9608";"       0"
"2716";"A043593";"2024MM08";"    1173";"     161";"      78";"      83";"   20973";"   10774";"   10199";"   20973";"       0"
"2717";"A043593";"2024MM09";"     841";"     119";"      61";"      58";"   13364";"    6652";"    6712";"   13364";"       0"
"2718";"A043593";"2024KW03";"    3143";"     409";"     205";"     204";"   43945";"   21363";"   22582";"   43945";"       0"
"2719";"A043593";"2024MM10";"     884";"     107";"      54";"      53";"   11344";"    6118";"    5226";"   11344";"       0"
"2720";"A043593";"2024MM11";"     582";"      59";"      29";"      30";"    3958";"    2270";"    1688";"    3958";"       0"
"2721";"A043593";"2024MM12";"     415";"      70";"      34";"      36";"    4151";"    1804";"    2347";"    3236";"       0"
"2722";"A043593";"2024KW04";"    1881";"     236";"     117";"     119";"   19453";"   10192";"    9261";"   18538";"       0"
"2723";"A043593";"2024JJ00";"   10169";"    1169";"     578";"     591";"  103740";"   51886";"   51854";"  102825";"       0"
"2724";"A043593";"2025MM01";"     584";"      71";"      36";"      35";"    4060";"    2199";"    1861";"    3683";"       0"
"2725";"A043593";"2025MM02";"     798";"      67";"      33";"      34";"    3772";"    1935";"    1837";"    3772";"       0"
"2726";"A043593";"2025MM03";"    1088";"      63";"      31";"      32";"    3695";"    1941";"    1754";"    3695";"       0"
"2727";"A043593";"2025KW01";"    2470";"     201";"     100";"     101";"   11527";"    6075";"    5452";"   11150";"       0"
"2728";"A043593";"2025MM04";"    1025";"      66";"      31";"      35";"    6174";"    2461";"    3713";"    6174";"       0"
"2729";"A043593";"2025MM05";"    1021";"     124";"      60";"      64";"   12766";"    6280";"    6486";"   12766";"       0"
"2730";"A043593";"2025MM06";"    1199";"     151";"      76";"      75";"   11247";"    5888";"    5359";"   11247";"       0"
"2731";"A043593";"2025KW02";"    3245";"     341";"     167";"     174";"   30187";"   14629";"   15558";"   30187";"       0"
"2732";"A043593";"2025MM07";"    1121";"     144";"      72";"      72";"   15033";"    6598";"    8435";"   15033";"       0"
"2733";"A043593";"2025MM08";"    1237";"     151";"      73";"      78";"   18305";"    9801";"    8504";"   18305";"       0"
"2734";"A043593";"2025MM09";"     877";"      94";"      47";"      47";"   11043";"    5415";"    5628";"   11043";"       0"
"2735";"A043593";"2025KW03";"    3235";"     389";"     192";"     197";"   44381";"   21814";"   22567";"   44381";"       0"
